seq,chapter,year,title,scene,prose,source,standing,room,places,leg,display,route,route_label,glyphs,route_land,route_land_label,edges,inset,inset_label,frame,area,host,figure,mass,frame_key,camera,period,year_at
# ATTICA-PROLOGUE.csv  ->  Amenti.live/ATTICA-PROLOGUE.csv
#
# HEADER ON LINE 1, COMMENTS AFTER.
#
# THE BACK STORY, BECAUSE MOST OF IT CANNOT BE DRAWN. The campaign register
# begins at 6.97, Delos, because that is the first leg inside the Attica frame.
# Everything that explains it happens somewhere the map cannot show:
#
#   - Athos is at 40.16 and this frame stops at 39.42. The wreck that chose the
#     route of the whole campaign is THREE QUARTERS OF A DEGREE OFF THE MAP.
#   - Naxos is inside the frame but burns before the first drawn leg.
#   - A fleet being BUILT is not a movement at all. Six hundred triremes and
#     purpose-made horse-transports ordered a year in advance is the most
#     consequential fact in the campaign and there is nothing to animate.
#
# So it is told rather than drawn, and a slide can carry prose where a caption
# cannot. Six slides, ending at 6.96, and the animation starts at 6.97 with
# nothing left unexplained.
#
# EVERY SLIDE NAMES ITS CHAPTER AND THE FILE THAT HOLDS IT. `standing` is the
# same vocabulary as ATTICA-LIVES.csv: `corpus` means the claim is in a named
# room of this library and a probe can open the file and check it. All six are
# corpus, because Book VI came aboard on 10 September and before that NONE OF
# THIS COULD HAVE BEEN WRITTEN with a source behind it.
#
# `scene` is a tag for the Worker's /scene/{tag}.jpg. NO IMAGE EXISTS FOR ANY
# OF THEM YET and the slideshow must read a missing scene as a state, not a
# fault - prose on a plain ground is the honest default and the surface should
# say the image has not been made rather than showing a gap.
# -- THE MARKUP, 10 September 2026 ------------------------------------------
# **DOUBLE ASTERISKS ON PROPER NAMES AND DATES**, which is the same convention
# ATTICA-TOLD.csv uses and the same one the map's hover pane renders in
# terminal blue. One markup across the registers, so a surface that learns to
# render it learns it once.
#
# CAPITALS ARE EMPHASIS AND NOT NAMES. A surface should render them as weight
# rather than shouting them - a paragraph of capitals is unreadable at this
# length - and a surface that cannot should print them as written rather than
# inventing a third thing.
# -- A MAP ON EVERY SLIDE, 10 September 2026 --------------------------------
# `places` is name|lat|lon|what, semicolon between. `leg` is from_lat|from_lon|
# to_lat|to_lon and draws as the same break-line the campaign uses - two points
# and NOTHING ASSERTED ABOUT THE WATER BETWEEN.
#
# The base is REGION.jpg, cut from GROUND.jpg - the same relief and bathymetry
# the world map draws - over lon 21.0 to 37.5 and lat 33.5 to 42.0. THAT IS THE
# WHOLE THEATRE AND THE ATTICA FRAME IS A CORNER OF IT: Athos, Thasos, Samos
# and Kilikia are all outside the frame the campaign runs on, which is why the
# back story is told here and not drawn there.
#
# SOME PLACES ARE OFF EVEN THIS MAP. Susa is at 32.19, 48.26 - eleven degrees
# east of the edge - and the slide says so rather than moving it to the border
# and pretending. A place named and not drawn is honest; a place drawn in the
# wrong spot is not.
# -- SPLIT, 10 September 2026 -----------------------------------------------
# The old slide five carried the muster AND the route in one paragraph, and the
# horses - the fact that decides the whole campaign - were a clause in the
# middle of it. They now have their own slide.
#
# THE LOADING ORDER IS THE PASSAGE'S. `In these they placed their horses, and
# having embarked the land-army in the ships they sailed` - horses first, army
# after. THAT IS THE ONLY THING HERODOTUS SAYS ABOUT THE LOADING. Not who led,
# not how long it took, not what was said, and nothing has been added.
# -- THE ARROW GOES FIRST, 10 September 2026 --------------------------------
# 5.105 is about 498 BC and 6.43 is 492. THE OATH IS SIX YEARS EARLIER THAN
# EVERYTHING ELSE HERE and it is where the story starts, so it opens.
#
# It is also the only recorded speech from the Persian side in the whole
# campaign. Book VI has none at the launching and none before the fleet sails;
# what there is, is a man at a table with a bow.
#
# -- `display`, and what it is not -----------------------------------------
# A place name set large behind the words, for weight. Ornament and nothing
# else - it carries no claim the prose does not already make, and a surface
# that cannot render it loses nothing.
#
# IT IS NOT A SCRIPT. Achaemenid Persia wrote Old Persian cuneiform and
# Aramaic; Arabic script is a thousand years later and putting it on a Persian
# court scene would be the same class of error as drawing a fleet on a
# mountain. Large, spaced and ornamental is the effect; a wrong alphabet is a
# claim.
# -- WHERE A SCENE LIVES, 10 September 2026 ---------------------------------
# img/scene/<tag>.jpg in this repository. The Worker also serves /scene/<tag>
# from R2 and a surface should try the repository first and the Worker second:
# A FILE UNDER VERSION CONTROL IS THE ONE THAT CAN BE DIFFED, and everything
# else load-bearing on this ship is plain text in a repository for that reason.
#
# TAGS ARE ADDRESSES, NOT QUOTATIONS. `darius-bow` uses the common English
# spelling even though Macaulay writes `Dareios` throughout and the passage
# quotes him as such. The spelling in the text stays the text's.
# -- ROUTES AND GLYPHS, 10 September 2026 -----------------------------------
# THE MAPS WERE BARE AND TOLD NO STORY. Marks and no movement: the Athenians
# at Sardis with no line from Athens, the fleet at Athos with no track round
# the coast, and nothing to say which of the dots burned and which sank.
#
#   route        lat|lon > lat|lon > ... Two points or twenty. It draws as a
#                DASHED line with an arrowhead, which is a different mark from
#                the campaign's break-line: a break-line says `these two points
#                and nothing between`, and a route with waypoints says the
#                waypoints are where the passage put them. BOTH REFUSE TO DRAW
#                A COURSE - the segments are straight between named places and
#                assert nothing about the water or road between.
#   route_label  the date and one clause, set on the line.
#   glyphs       name=kind. fire, wreck, battle, muster, fleet, city, sacred.
#                A GLYPH IS A CLAIM AND EVERY ONE IS IN A PASSAGE: Sardis burnt
#                (5.101), Athos wrecked (6.44), the Brygians attacking in the
#                night (6.45), the muster on the Aleian plain (6.95), Naxos
#                burnt (6.96), Delos spared (6.97).
#
# The `leg` column is superseded and left empty.
# -- THE LABELS WERE WRITTEN FOR SOMEBODY WHO KNEW, 10 September 2026 -------
# `Aristagoras, who called them in` assumes the reader already knows there was
# a revolt, that Aristagoras led it, and who `them` were. IT IS A NOTE TO
# SELF, NOT A LABEL. A label on a map is read by somebody who has just arrived.
#
# Every `what` now says its own thing without the prose beside it.
# -- TWO FORCES, TWO ROUTES, 10 September 2026 ------------------------------
# 6.43: `bringing with him a very large land-army and a very large naval
# force... he embarked on board a ship himself and proceeded together with the
# other ships, while the land-army went by the road`.
#
# ONE LINE CANNOT BE BOTH, and the first attempt labelled a single line `by sea,
# the army by land` and drew it as neither - straight across Anatolia, which is
# wrong for the fleet, and arrow-straight, which is wrong for the road.
#
#   route / route_label            the SEA leg. Bent to the water.
#   route_land / route_land_label  the LAND leg. Drawn straight over ground,
#                                  because a road is a road and the passage
#                                  gives no route for it either.
#
# Both refuse to draw a course. The waypoints on each are chosen so the line
# stays on the right medium, NOT because Herodotus named them - he names the
# start and the end and nothing between.
#
# edges  WHAT THE FRAME LEAVES OUT, semicolon separated, drawn at the map's
#        lower right. `Susa is off this map to the east` was the best line on
#        the surface and it was smuggled in as a place with no coordinates.
#        A frame that says what it excludes is telling the truth about its
#        edges; one that just stops is not.
#
# inset / inset_label   A CLOSER FRAME, DRAWN OVER THE GROUND RATHER THAN
#        INSTEAD OF IT. Acanthos and Athos are forty kilometres apart on a map
#        fourteen hundred kilometres wide and their marks sat on each other.
#        Zooming the whole frame fixes that and takes the theatre away — a
#        reader who does not know where Athos is learns nothing from a close-up
#        of it. So the main map holds still, a pop-out shows the detail, and a
#        box on the ground says where the pop-out is.
#
#        `lat|lon>lat|lon`, two corners. Squared to the pop-out's own box, so
#        the corners are a REGION AND NOT A RECTANGLE — give it roughly the
#        ground you mean and the frame is made to fit.
#
# frame  A CLOSER GROUND, WHERE A SLIDE ASKS FOR ONE. `lat|lon>lat|lon`, two
#        corners, squared to the box and clamped inside the theatre. Slide 4
#        happens in the top-left corner and its marks were jammed against the
#        edge; fitting every frame automatically fixed that and took the
#        theatre away from seven slides that wanted it. So a slide asks, and a
#        slide that says nothing gets the whole ground.
#
#        THE FRAME MOVES, IT DOES NOT CROP. Same REGION.jpg, translated and
#        scaled — nothing is fetched and nothing is redrawn.
#
# route_land may hold MORE THAN ONE LEG, semicolons between. 6.45 has two
#        movements on one ground: the army going into Macedonia, and the
#        Brygians coming down on it in the night. One column could hold one of
#        them, so the attack was a sentence in the prose and nothing on the
#        map. The caption belongs to the first leg — it is the slide's line,
#        not the leg's.
#
# area   GROUND WITH AN EDGE. `lat|lon>lat|lon>...`, closed automatically, drawn
#        faint and dashed UNDER everything else because it is what the slide
#        happens on rather than a thing the slide points at.
#
#        The Aleïan plain is not a point. Putting a dot in the middle of it
#        says `here` about a thing whose whole character is `all of this` — an
#        army encamps on ground, not at a coordinate.
#
#        THE OUTLINE IS DERIVED. Herodotus names the plain at 6.95 and gives no
#        edges; this one follows the coast and the foot of the Taurus. The
#        cities on it — Tarsos, Adana, Mallos — are real and are NOT in the
#        passage: they are drawn as cities, not as the camp, because what
#        Herodotus says is that they encamped on the plain and nothing more.
#
# host   A SCATTER OVER THE OUTLINED GROUND, not a count. `the army musters`
#        drawn as one mark says an army was AT A POINT; it was spread over the
#        plain, which is why the plain is the thing Herodotus names.
#
#        IT MUST NOT LOOK COUNTABLE. Herodotus gives six hundred ships at 6.95
#        and NO NUMBER OF MEN anywhere in the campaign — not at the muster, not
#        at Marathon. A reader who counts dots and multiplies has been told
#        something the passage does not say, so the dots are irregular, of
#        varying weight, unlabelled, and as many as the ground holds rather
#        than as many as anybody was.
#
# figure  WHO THE SLIDE IS ABOUT, keyed into FIGURES.csv. It draws beside the
#        scene, not on the map — a picture and the person in it are one thing,
#        and the map owes them nothing. A slide with no figure draws no panel.
#
# ── THE COURSE WAS BENT AT DRAW TIME AND LOOPED · 13 Sep 2026 ──────────────
# Three of slide 1's waypoints were on land — Athens, because the city is
# inland; a point on the Anatolian shore; and EPHESOS ITSELF, whose harbour
# has silted five kilometres since antiquity and reads as dry on a modern
# image. The surface's water mask bent all three, and a bend that starts at
# the departure doubles back: the fleet left Athens westward past Corinth.
#
# The course is authored in water now, found by walking the same mask OFFLINE
# and written here once. THE BEND IS A REPAIR, NOT A METHOD — it exists for
# the case nobody caught, and a register that needs it on every leg is a
# register that has not been read.
#
# IT IS STILL DERIVED. Herodotus 5.100 gives Athens, Ephesos, the Kaystrios
# and Tmolos and nothing between. What the mask decides is that the line stays
# wet; where it runs is this file's, not the passage's.
#
# mass   BROAD IS A FORCE AND NARROW IS ONE MAN. `sea=broad;land=narrow`, the
#        same shape as `glyphs`, and a leg that says nothing is a force. It is
#        MASS AND NOT CERTAINTY — certainty has a note, and a surface that
#        spends its last variable on something already recorded has nothing
#        left for the distinction Herodotus keeps making.
#
# ── THE ROAD BACK IS A CLAIM ABOUT ONE MAN · 13 Sep 2026 ───────────────────
# 6.94 takes the command FROM Mardonios and gives it to Datis and Artaphrenes,
# which means Mardonios is at the court to be relieved. So he went back, and
# the road runs east off this frame to a king eleven degrees past its edge.
#
# It is the FIRST NARROW LEG. The column was built for exactly this and had
# never been used: what returns here is a commander with a report, not an
# army. The army went home at 6.45 and that leg is drawn on slide 4.
#
# THE WAYPOINTS ARE DERIVED. Herodotus gives neither a route nor a date for
# the return; what the passage gives is that he was there to be replaced.
#
# ── WHAT WENT HOME, AND BY WHICH ROAD · 13 Sep 2026 ────────────────────────
# 6.45 draws three withdrawals and the register drew one. The army goes back
# into Asia by the Hellespont, which is the road it came by. Mardonios goes on
# to the king, which is slide 5. And the ships that floated go south and east,
# away from the mountain, toward the shores that furnished them.
#
# THE THIRD IS DERIVED AND THE OTHER TWO ARE NOT. Herodotus says Mardonios led
# the army home and says nothing at all about where the surviving fleet went —
# the contingents were Phoenician, Egyptian, Cypriot and Ionian and would sail
# to their own ports, which is reasonable and is not in the passage.
#
# THE COURSE IS AUTHORED IN WATER, walked offline against the same mask the
# surface uses, so the bend has nothing to correct at draw time.
#
# ── A FRAME THAT CUTS OFF THE DESTINATION · 13 Sep 2026 ────────────────────
# Slides 2 and 3 were framed to the leg they draw, which removed the empty
# Anatolia nobody needed AND GREECE, WHICH IS WHAT THE LEG IS FOR. A reader saw
# a fleet and an army moving toward an edge with nothing beyond it.
#
# The dead ground to the east is the price of showing the destination, and it
# is worth paying. `edges` says what the western edge leaves out, which is the
# column's whole purpose.
#
# AND A MARK INSIDE THE POP-OUT IS LABELLED AGAIN ON THE THEATRE. Suppressing
# it was right when the pane was the only place with room; at the full frame
# there is room on both, and a reader looking at the main map should be able
# to find Thasos, Acanthos and the mountain without going to the pane.
#
# ── A STRAIGHT LINE WHERE THE SOURCE HAS A ROAD · 13 Sep 2026 ──────────────
# Mardonios went back across Anatolia on a line ruled from the Hellespont to
# the frame's edge, which is not believable and was not necessary: HERODOTUS
# DESCRIBES THE ROAD. 5.52 walks it stage by stage — out of Sardis through
# Lydia and Phrygia, over the Halys into Cappadocia, on toward Kilikia and the
# passes — and counts the stations.
#
# So the leg follows it. The waypoints are still ours and still approximate:
# the passage gives regions and rivers in order, not coordinates. WHAT CHANGED
# IS THAT THE SHAPE NOW COMES FROM A SOURCE instead of from a ruler, and the
# `edges` line says where the stations are counted.
#
# It is the same distinction the sea legs make. A course over water is found
# by the mask because a ship cannot cross land. A road is a CHOICE, and this
# one was recorded, so it is not ours to choose.
#
# ── EVERY SEA LEG WALKED, ONCE · 13 Sep 2026 ───────────────────────────────
# Slide 6's course was authored by hand and EVERY ONE OF ITS EIGHT SEGMENTS
# crossed land. The draw-time bend was repairing all eight on every load, and
# a bend that fires that often does not repair — it draws loops off Rhodes and
# doubles the line back on itself.
#
# All seven sea legs are walked here against REGION-WATER.png and written back
# wet. The bend now has nothing to do, which is what it was always for: the
# case nobody caught, not the method.
#
# THE AUTHORED WAYPOINTS ARE KEPT AS WAYPOINTS. The walk goes THROUGH each one
# rather than around the pair of endpoints, so where a passage says the fleet
# worked along a coast the line still works along that coast. What the mask
# decides is only that it stays in water.
#
# ── WHERE THE SLIDE STANDS · 13 Sep 2026 ───────────────────────────────────
# The prologue drew its own map and so a slide only had to say what to put ON
# it. The told layer drives the ground instead, and the ground can stand on
# fifteen frames — so a slide has to say WHICH ONE, and where to point.
#
# frame_key  a key from FRAMES.csv. The ground drops every register it holds
#            when this changes, because they are all keyed to the old frame —
#            a frame that kept the last one's events would draw Marathon on
#            the Rhine.
# camera     lat|lon|k · the point to hold and how close. Blank fits the frame.
# period     archaic | clas | hell | rome | late — the ground's own keys.
# year_at    the scrub, or blank for the whole period with the clock off.
#
# THESE ARE REGISTER STATES AND NOT A SCRIPT. Every one of them is something a
# reader can already do by hand with the picker, the period buttons and the
# scrub. amenti-attica.js says why in its own words: if a tour cannot be driven
# by these, it wants to say something the surface cannot show, and the tour is
# wrong rather than the API being short.
#
# THE FRAMES NAMED HERE ARE NOT ALL BUILT. `macedonia` is `reference` in
# FRAMES.csv — declared, places harvested, NO GROUND CUT. Slides 2, 3 and 4
# will stand on it and show places on blank terrain until tools/render-attica.py
# is run for that frame. That is the honest state and the surface says so.
#
# -- AND THE FRAME EACH SLIDE STANDS ON, MEASURED · 14 Sep 2026 -------------
# The first pass set these by eye and SEVEN OF EIGHT POINTED OUTSIDE THEIR OWN
# FRAME'S BOX. A camera aimed at ground the frame does not cover is a slide
# that shows the wrong place and says nothing about it.
#
# They are computed now: for each slide, the TIGHTEST frame that has ground
# and contains every one of that slide's marks — route, road and places —
# and a camera centred on those marks at a zoom that fills about 80% of the
# view. If nothing holds them, `theatre`, which holds all 152.
#
# So slide 3 stands on Macedonia because Thasos and Athos fit there, and the
# legs that cross from Kilikia to the Hellespont stand on the theatre because
# nothing smaller can show both ends of them.
1,5.105,-498,"Zeus, that it may be granted me",darius-bow,"Word reaches the king that **Sardis** has been taken and burnt by the **Athenians** and the **Ionians** together. **Darius** makes no account of the **Ionians** — he knows they will not escape — but he asks WHO THE ATHENIANS ARE, and has to be told. Then he asks for his bow. He takes it, sets an arrow on the string, and discharges it upwards into the sky. And he gives a standing order to one of his attendants: that when dinner is set before the king, he should say always, three times.",Herodotus 5.105,corpus,herodotus/12-sardis.md,"Sardis|38.487|28.040|burnt — by accident, from a reed roof;Athens|37.976|23.727|the king has to be told who they are;Miletos|37.530|27.277|Aristagoras sailed from here to ask Athens for help",,SUSA,37.9148|23.6761>37.7557|23.8011>37.6193|23.9602>37.6193|24.0057>37.5057|24.3011>37.5284|25.9261>37.8125|26.3125>37.9148|27.2443,"498 BC · twenty Athenian ships and five Eretrian, to Ephesos",Sardis=fire;Athens=fleet,37.9200|27.2400>38.0200|27.6500>38.1500|27.9000>38.3000|28.0000>38.4870|28.0400,"and inland with an Ephesian guide, over Tmolos",Susa is off this map to the east,,,,,,darius,,theatre,37.9963|25.8580|2.93,clas,
2,6.43,-492,Mardonios comes down to the sea,mardonios-kilikia,"In the spring of **492 BC** **Darius** removes every other commander and gives the war to one man: **Mardonios**, son of **Gobryas**, young, and lately married to the king’s daughter **Artozostra**. He brings a very large land-army and a very large naval force down to **Kilikia**, puts the army on the road, and boards a ship himself.",Herodotus 6.43,corpus,herodotus/06-athos.md,Kilikia|36.80|35.00|where the army musters,,,36.7102|34.9716>36.1307|33.6989>36.0057|32.7670>36.0057|32.7557>36.1534|29.1080>36.1648|29.0966>36.5625|27.9716>36.6307|27.8693>36.6420|27.7898>36.6420|27.4489>36.6534|27.4034>36.6648|27.3920>36.6875|27.3693>36.6989|27.3580>36.8807|27.3580>37.5284|26.4943>37.5511|26.4716>38.2784|26.2216>38.8580|26.0852>39.0966|25.9716>39.0966|25.9489>39.1420|25.8693>39.1534|25.8580>39.1648|25.8466>39.1761|25.8352>39.8239|25.9602>40.0739|26.2898>40.0739|26.3011>40.0966|26.3352>40.1193|26.3580>40.1420|26.3807>40.2102|26.4034,"492 BC · Mardonios himself, by sea",Kilikia=muster,36.9000|35.1000>37.4000|34.7000>38.0000|34.2000>38.6000|33.0000>39.1000|31.6000>39.4000|30.2000>39.6000|28.8000>39.9000|27.6000>40.1000|26.9000>40.2200|26.4000,"492 BC · the army by road, through Anatolia","Greece is off this map to the west, and that is where they are going · Susa is off this map to the east",,,,,,mardonios,,theatre,38.1128|30.4676|1.38,clas,
3,6.44,-492,"Thasos, and then the mountain",athos-wreck,"**Thasos** is taken without a hand raised in its defence. **Macedonia** is made to serve. Then the fleet crosses from **Thasos**, works along the coast to **Acanthos**, and tries to get round **Mount Athos** — and a violent north wind falls on it. THREE HUNDRED SHIPS AND MORE THAN TWENTY THOUSAND MEN. **Herodotus** itemises how they died: taken by the sea monsters that fill that water, dashed on the rocks, drowned not knowing how to swim, dead of the cold. He reports it as *it is said*, and the monsters arrive in the same breath as the arithmetic.",Herodotus 6.44,corpus,herodotus/06-athos.md,"Thasos|40.69|24.65|gave in without a fight;Acanthos|40.40|23.88|the fleet turned the mountain from here;Mount Athos|40.16|24.33|the wind, and three hundred ships;the north wind|40.3400|24.2600|it came down from the north, off the mountain",,ATHOS,40.2102|26.4034>40.1420|26.3807>40.0625|26.3011>40.0398|26.2102>40.1080|24.3011>40.1193|24.2898,"492 BC · Thasos, then the coast, then the mountain",Mount Athos=wreck;Thasos=city;the north wind=storm,,,,40.8600|23.4500>39.9400|24.9000,"from Thasos, and the mountain",,,,,,macedonia,40.3649|25.1417|2.27,clas,
4,6.45,-492,And the army fares no better,brygian-night,"While the fleet is dying at **Athos**, the land-army is camped in **Macedonia** and is attacked in the night by the **Brygian Thracians**. Many are killed and **Mardonios** himself is wounded. He will not leave until he has subdued them, and then leads the army home having lost heavily by both land and sea. THE FIRST EXPEDITION ENDS WITHOUT REACHING GREECE.",Herodotus 6.45,corpus,herodotus/06-athos.md,"Macedonia|40.90|22.40|the army camped here and was attacked at night;Mount Athos|40.16|24.33|already wrecked, the same season;the fleet|40.0600|24.4800|three hundred ships, the season before;the Hellespont|40.1800|26.4200|the crossing home, the expedition over",,,40.0852|24.4830>35.0170|27.8580>34.9602|27.8807>34.5966|29.9943,"492 BC · what floated, away from the mountain",Macedonia=battle;Mount Athos=storm;the fleet=wreck,40.1570|24.3260>40.9000|22.4000;41.4000|23.4000>41.1500|22.9000>40.9600|22.5200;40.9000|22.4000>40.9500|23.6000>40.7000|25.2000>40.3500|26.3000>40.1800|26.4200,"492 BC · into Macedonia, and home again by the same road",the ships go back to the shores that furnished them · the army goes into Asia · Susa is off this map to the east,,,41.9500|21.0500>34.2000|31.0000,,,,sea=broad;land=broad,theatre,37.9983|26.1972|1.48,clas,
5,6.94,-491,Remember the Athenians,dareios-court,"Two years pass and the design does not. **Darius** is put in mind of the **Athenians** continually by his servant; the sons of **Peisistratos** are at his court, bringing charges; and there is the pretext he wanted — the cities that would not give earth and water. He takes the command from **Mardonios**, who had failed, and gives it to **Datis** and **Artaphrenes**.",Herodotus 6.94,corpus,herodotus/05-marathon.md,the Hellespont|40.1800|26.4200|where the first expedition came home;Athens|37.98|23.73|the city the king is told to remember;Sardis|38.4870|28.0400|where the king’s road begins,,,,,Athens=city;Sardis=fire,40.1800|26.4200>39.6000|27.0000>38.9000|27.6000>38.4870|28.0400>38.6000|29.5000>38.9000|30.8000>39.1000|32.2000>39.3000|33.6000>39.1000|35.2000>38.7000|36.6000>38.4000|37.4000,"491 BC · back by the king’s road, Sardis to Susa","the road runs on to Susa, eleven degrees east of this frame · the stations are counted at 5.52",,,,,,darius,land=narrow,theatre,39.0800|30.5650|0.94,clas,
6,6.95,-490,The camp on the Aleïan plain,aleian-plain,"They come down from the king to the **Aleïan plain** in **Kilikia** with a large and well-equipped land-army, and they encamp there — and while they are encamped THE WHOLE NAVAL ARMAMENT COMES UP TO THEM, gathered from the nations that had been ordered to furnish it. And with it the ships for carrying horses, WHICH DARIUS HAD ORDERED HIS TRIBUTARIES TO MAKE READY THE YEAR BEFORE. Purpose-built vessels, commissioned from subject cities twelve months ahead. This was never a raid. THE HORSES GO ABOARD FIRST and the army after them — that is the order **Herodotus** gives, and it is the only thing he says about the loading. Then **six hundred triremes** sail for **Ionia**.",Herodotus 6.95,corpus,herodotus/05-marathon.md,"the Aleïan plain|36.9500|35.3000|the camp, and the horses going aboard;Tarsos|36.9200|34.8900|;Adana|36.9900|35.3200|;Mallos|36.9000|35.6000|at the mouth of the Pyramos;Samos|37.75|26.98|the last land before the islands",,THE ALEÏAN PLAIN,36.7102|35.6193>36.7216|35.7216>36.7102|35.7330>36.6989|35.7330>36.5852|35.6193>36.5511|35.5625>36.1080|33.5170>36.1080|33.4943>36.0057|32.7670>36.1534|29.0739>36.1648|29.0625>36.5625|27.9716>36.6307|27.8693>36.6420|27.7898>36.6420|27.4489>36.6534|27.4034>36.6648|27.3920>36.6875|27.3693>36.6989|27.3580>36.8807|27.3580>37.0170|27.1761>37.0284|27.0852>37.6761|27.0057>37.6875|27.0170>37.6989|27.0625>37.7102|27.0739>37.7670|27.0739>37.7784|27.0625>37.7898|26.9830>37.7670|26.9602>37.7557|26.9602>37.7443|26.9716,"490 BC · six hundred triremes, the horses aboard first",the Aleïan plain=camp;Tarsos=city;Adana=city;Mallos=city;Samos=fleet,,,,37.2500|34.4000>36.5000|36.2000,"the plain, and the camp",,36.7200|34.6500>37.0200|34.8000>37.2000|35.1000>37.2400|35.5000>37.1500|35.9000>36.9500|36.1500>36.7500|36.1800>36.6200|35.8000>36.5800|35.3000>36.6400|34.9000,encamped,,,theatre,36.8978|31.3466|1.46,clas,
7,6.95,-490,A route chosen out of fear,icarian-crossing,"From **Ionia** they do not coast the mainland. They cross from **Samos** by the **Icarian Sea** and go island to island — because, **Herodotus** thinks, they feared above all else the voyage round **Athos**. He marks it as his own reading: *as I think*. The wreck was two years earlier and three hundred ships, and it is still choosing the route. IT IS ALSO THE LONGER WAY TO ATTICA and takes them past every island in the Cyclades, which is the next six chapters.",Herodotus 6.95,corpus,herodotus/05-marathon.md,"Samos|37.75|26.98|the last land before the islands;Naxos|37.10|25.52|first, and chosen on purpose;Mount Athos|40.16|24.33|where three hundred ships were lost two years before;Delos|37.39|25.27|",,,37.7443|26.9716>37.7557|26.9602>37.8125|26.8239>37.7784|26.1307>37.1534|25.4602,"490 BC · by the Icarian Sea, island to island",Mount Athos=wreck;Naxos=fleet,,,,,,,,,,,theatre,38.6300|25.6550|3.30,clas,
8,6.96,-490,"Naxos first, remembering the former events",naxos-burned,"**Naxos** is the first island and it is chosen on purpose — they came against it first, remembering what had happened there before. The **Naxians** do not wait: they leave for the mountains. Those caught are made slaves, and the temples and the town are burned. Then the fleet puts out to sea for the other islands. **Naxos** is outside this frame and cannot be drawn on it; the next chapter is **Delos**, and the map begins there.",Herodotus 6.96,corpus,herodotus/05-marathon.md,"Naxos|37.10|25.52|the people fled, the town was burned;Delos|37.39|25.27|the next chapter — where the map begins",,,37.1534|25.4602>37.4034|25.2670>37.4034|25.2557,490 BC · and on to the other islands,Naxos=fire;Delos=sacred,,,,,,,,,,,attica,37.2517|25.3879|6.00,clas,
