key,name,why
# ============================================================================,,
# ATTICA-WHY.csv · WHY THE GROUND MATTERED,,
# ----------------------------------------------------------------------------,,
# ATTICA.csv holds 1746 places and Pleiades holds none of this. A gazetteer,,
# records that a thing was HERE; it does not record why anyone should care.,,
# That sentence is the only part of the register worth writing by hand.,,
#,,
# ── WHY IT IS A SEPARATE FILE ───────────────────────────────────────────────,,
# ATTICA.csv is GENERATED by tools/harvest-attica.py. Anything authored into it,,
# dies on the next run — the rule REGISTERS.md states about generated files.,,
# And harvested and authored must not share a table: a reader has to be able to,,
# tell what came from Pleiades from what came from a person. Joined on `key`.,,
#,,
# ── HOW THESE WERE CHOSEN ───────────────────────────────────────────────────,,
# Not by taste. tools/harvest-mentions.py matched the register against 603,,
# texts and 35.9 M characters of reading room; 152 places are named by,,
# something and 85 by more than one source. THE CORPUS PICKED THE LIST. Athens,,
# in 61 rooms, Corinth in 27, Delphi in 24. The rest of this file is the
# Attic ground those sources keep returning to.,,
#,,
# ── AND THESE ARE DRAFTS ────────────────────────────────────────────────────,,
# Written by the assistant and NOT CHECKED AGAINST A SOURCE. Every one is a,,
# claim a person should either confirm or replace. The register is honest,,
# about its coordinates being authored; this is the same admission about its,,
# prose. Overwrite freely — that is what the column is for.,,
#,,
# The sentence answers ONE question: what about this ground, or this thing on,
# it, decided something. Not what it was — the `kind` column says that.,
# ============================================================================,,
pl-579885,Athenae,"The city itself: a defensible rock with a spring, a plain behind it for grain, and a bay six miles off deep enough for a fleet. Few places in Greece have all three."
pl-807514119,Agora of Athens,"Market, law court, mint and meeting place on one patch of level ground below the Acropolis — the only large flat space inside the walls, and so the place the city had to conduct itself."
pl-310115518,Dipylon Gate,"The main gate, where the road from Eleusis and the Panathenaic procession both entered. A double gate with a courtyard: an enemy through the first was trapped under the walls."
pl-97294452,Kerameikos,"The potters' quarter outside the wall, and the state burial ground. Athens put its dead and its kilns on the same downwind side of the city."
pl-143098101,Stoa Poikile,"A painted colonnade on the Agora's north side. Zeno taught under it and his followers were named for the porch rather than for him."
pl-205264674,Pnyx,"A hillside cut into a bowl facing the city, where the assembly met. The speaker stood with the Acropolis behind the crowd — a democracy that voted in the open air, in sight of what it was voting about."
pl-969121823,Areopagus,"The bare rock west of the Acropolis where the oldest council sat, and later the homicide court. High enough to see the Agora and separate from it."
pl-479670108,Academy/Akademeia/Akademia,"An olive grove and gymnasion a mile outside the walls, watered by the Kephisos. Plato taught there because it was public ground with shade and water, not because it was remote."
pl-122572945,Lyceum,"The other gymnasion, east of the city, where Aristotle walked while teaching. Two schools on opposite sides of one small city."
pl-639740331,Panathenaic Way,"The processional road from the Dipylon Gate through the Agora and up to the Acropolis. The one route the whole city walked together, and the reason the Agora is shaped as it is."
pl-433457819,Panathenaic Stadium,"A natural ravine between two hills, adapted rather than built — the ground gave the seating and the track its length."
pl-649966335,Theater of Dionysus Eleuthereus,"Cut into the south slope of the Acropolis, so the hill carried the seats and the audience faced the sea. Tragedy was performed here first."
pl-168254096,Parthenon,"Built on the Acropolis rock over the burnt foundations of an earlier temple the Persians destroyed in 480 BC. The ruin was left visible for a generation before it was replaced."
pl-750203268,Erechtheion,"Built around older things that could not be moved — the salt spring, the olive, the tomb. Its awkward plan is the ground refusing to be levelled."
pl-579966,Kantharos Limen,"The commercial harbour of Piraeus and the largest of the three. Grain from the Black Sea and Egypt came ashore here, and Athens could be starved by closing it."
pl-580136,Zea Limen,"The main naval harbour, ringed with ship-sheds — close to two hundred slipways cut into the rock, where the trireme fleet was drawn out of the water between campaigns."
pl-580029,Mounichia Limen,"The smallest and most defensible of the three Piraeus harbours, under the hill fort. A fleet could be held here when the city could not hold the others."
pl-580072,Phaleron,"The open beach Athens used before Piraeus was fortified. Ships were run up the sand rather than moored, which is why Themistokles moved the fleet."
pl-580021,Marathon,"A coastal plain with marsh at both ends, so a landing force had to fight on a front the ground chose. The Athenians held the high edge and closed it."
pl-580101,Salamis (island),"The island that makes the Saronic Gulf a set of channels rather than open water. A fleet lured into the strait could not use its numbers, and in 480 BC the Persian fleet was."
pl-579920,Eleusis,"The sanctuary of the Mysteries, on the bay at the end of the Sacred Way. Twenty kilometres from Athens — near enough to walk in procession, far enough to be its own place."
pl-580010,Laureion,"The silver. The hills south of Athens held argentiferous lead, and the fleet that fought at Salamis was paid for out of a single rich strike in 483 BC."
pl-580119,Thorikos,"The port and processing site for the Laureion mines, with washeries for the ore and the earliest surviving Greek theatre — an industrial town that could afford one."
pl-580097,Rhamnous,"A fortress on the cliff above the Euboean strait, watching the sea road that grain convoys used to reach Athens from the north."
pl-540756,Eleutherai,"A fort in the pass over Kithairon between Attica and Boeotia — the land route an army from Thebes had to take."
pl-579907,Dekeleia,"High ground overlooking the Athenian plain and the road to Euboea. Sparta fortified it in 413 BC and Athens lost the use of her own countryside for the rest of the war."
pl-540726,Delphi,"A terrace on the cliffs of Parnassus where the oracle sat, reachable from every Greek state and belonging to none. Its neutrality was a fact of geography before it was a policy."
pl-570182,Corinthus/Korinthos,"The city on the isthmus, holding the only land route into the Peloponnese and two harbours on two seas. Whoever held Corinth decided who moved."
pl-541138,Thebai/Thebae,"The chief city of the Boeotian plain, on the flat ground an army from the north crosses to reach Attica. Athens and Thebes fought over the passes between them for two centuries."
pl-570468,Megara,"Between Athens and Corinth on the coast road, with mountains behind. Small, and unavoidable — which is why an Athenian trade embargo on it helped start a war."
pl-579853,Aigina (settlement),"An island in plain sight of the Athenian coast, with its own fleet. Perikles is said to have called it the eyesore of the Piraeus, and Athens took it."
pl-570106,Argos,"The old power of the Argive plain, the best farmland in the Peloponnese, and Sparta's nearest rival for it."
pl-570685,Sparta,"An unwalled city on the Eurotas, ringed by mountains that did the work walls do elsewhere. Its defence was the ground and the men, in that order."
pl-540703,Chalcis,"On the Euripos, the narrowest crossing to Euboea, where the current reverses several times a day. A bridge here joins the island to the mainland."
pl-580044,Oropos,"The port facing Euboea, disputed between Athens and Thebes for centuries because whoever held it controlled the short crossing to the island's grain."
pl-540628,Amphiareion,"A healing sanctuary in a wooded ravine near Oropos, where the sick slept for a dream. Its remoteness was the treatment."
pl-579879,Brauron/sanctuary of Artemis Brauronia,"A sanctuary on the marshy east coast where Athenian girls served Artemis before marriage. Far from the city on purpose."
pl-541140,Thermopylae,"A strip between cliff and sea, and in 480 BC the only road south into Greece for an army. THE COAST HAS SILTED SIX KILOMETRES SINCE — the pass is in the terrain, the narrowness is not."
pl-579874,Aphrodite sanctuary at Dafni,"On the Sacred Way between Athens and Eleusis, where the procession halted. A Christian monastery was later built on the same spot for the same reason: everyone passed it."
