year,body,kind,description
-2894,Jupiter,due-east,Jupiter rises due east over Giza
-2893,Saturn,due-east,Saturn rises due east over Giza
-2888,Jupiter,due-east,Jupiter rises due east over Giza
-2885,Jupiter-Saturn,conjunction,Jupiter and Saturn conjunct — a great conjunction
-2882,Jupiter,due-east,Jupiter rises due east over Giza
-2879,Saturn,due-east,Saturn rises due east over Giza
-2876,Jupiter,due-east,Jupiter rises due east over Giza
-2870,Jupiter,due-east,Jupiter rises due east over Giza
-2865,Jupiter,due-east,Jupiter rises due east over Giza
-2865,Jupiter-Saturn,conjunction,Jupiter and Saturn conjunct — a great conjunction
-2864,Saturn,due-east,Saturn rises due east over Giza
-2862,Uranus,due-east,Uranus rises due east over Giza
-2858,Jupiter,due-east,Jupiter rises due east over Giza
-2853,Jupiter,due-east,Jupiter rises due east over Giza
-2850,Saturn,due-east,Saturn rises due east over Giza
-2847,Jupiter,due-east,Jupiter rises due east over Giza
-2844,Jupiter-Saturn,conjunction,Jupiter and Saturn conjunct — a great conjunction
-2841,Jupiter,due-east,Jupiter rises due east over Giza
-2835,Jupiter,due-east,Jupiter rises due east over Giza
-2834,Neptune,due-east,Neptune rises due east over Giza
-2834,Saturn,due-east,Saturn rises due east over Giza
-2829,Jupiter,due-east,Jupiter rises due east over Giza
-2825,Jupiter-Saturn,conjunction,Jupiter and Saturn conjunct — a great conjunction
-2823,Jupiter,due-east,Jupiter rises due east over Giza
-2820,Saturn,due-east,Saturn rises due east over Giza
-2820,Uranus,due-east,Uranus rises due east over Giza
-2817,Jupiter,due-east,Jupiter rises due east over Giza
-2811,Jupiter,due-east,Jupiter rises due east over Giza
-2806,Jupiter-Saturn,conjunction,Jupiter and Saturn conjunct — a great conjunction
-2805,Jupiter,due-east,Jupiter rises due east over Giza
-2805,Saturn,due-east,Saturn rises due east over Giza
-2799,Jupiter,due-east,Jupiter rises due east over Giza
-2793,Jupiter,due-east,Jupiter rises due east over Giza
-2791,Saturn,due-east,Saturn rises due east over Giza
-2787,Jupiter,due-east,Jupiter rises due east over Giza
-2785,Jupiter-Saturn,conjunction,Jupiter and Saturn conjunct — a great conjunction
-2782,Jupiter,due-east,Jupiter rises due east over Giza
-2778,Uranus,due-east,Uranus rises due east over Giza
-2775,Jupiter,due-east,Jupiter rises due east over Giza
-2775,Saturn,due-east,Saturn rises due east over Giza
-2770,Jupiter,due-east,Jupiter rises due east over Giza
-2765,Jupiter-Saturn,conjunction,Jupiter and Saturn conjunct — a great conjunction
-2764,Jupiter,due-east,Jupiter rises due east over Giza
-2762,Saturn,due-east,Saturn rises due east over Giza
-2758,Jupiter,due-east,Jupiter rises due east over Giza
-2752,Jupiter,due-east,Jupiter rises due east over Giza
-2752,Neptune,due-east,Neptune rises due east over Giza
-2746,Jupiter,due-east,Jupiter rises due east over Giza
-2746,Jupiter-Saturn,conjunction,Jupiter and Saturn conjunct — a great conjunction
-2746,Saturn,due-east,Saturn rises due east over Giza
-2740,Jupiter,due-east,Jupiter rises due east over Giza
-2736,Uranus,due-east,Uranus rises due east over Giza
-2734,Jupiter,due-east,Jupiter rises due east over Giza
-2732,Saturn,due-east,Saturn rises due east over Giza
-2728,Jupiter,due-east,Jupiter rises due east over Giza
-2725,Jupiter-Saturn,conjunction,Jupiter and Saturn conjunct — a great conjunction
-2722,Jupiter,due-east,Jupiter rises due east over Giza
-2717,Saturn,due-east,Saturn rises due east over Giza
-2716,Jupiter,due-east,Jupiter rises due east over Giza
-2710,Jupiter,due-east,Jupiter rises due east over Giza
-2706,Jupiter-Saturn,conjunction,Jupiter and Saturn conjunct — a great conjunction
-2704,Jupiter,due-east,Jupiter rises due east over Giza
-2703,Saturn,due-east,Saturn rises due east over Giza
-2699,Jupiter,due-east,Jupiter rises due east over Giza
-2694,Uranus,due-east,Uranus rises due east over Giza
-2692,Jupiter,due-east,Jupiter rises due east over Giza
-2687,Jupiter,due-east,Jupiter rises due east over Giza
-2687,Saturn,due-east,Saturn rises due east over Giza
-2686,Jupiter-Saturn,conjunction,Jupiter and Saturn conjunct — a great conjunction
-2681,Jupiter,due-east,Jupiter rises due east over Giza
-2675,Jupiter,due-east,Jupiter rises due east over Giza
-2673,Saturn,due-east,Saturn rises due east over Giza
-2669,Jupiter,due-east,Jupiter rises due east over Giza
-2669,Neptune,due-east,Neptune rises due east over Giza
-2666,Jupiter-Saturn,conjunction,Jupiter and Saturn conjunct — a great conjunction
-2663,Jupiter,due-east,Jupiter rises due east over Giza
-2658,Saturn,due-east,Saturn rises due east over Giza
-2657,Jupiter,due-east,Jupiter rises due east over Giza
-2652,Uranus,due-east,Uranus rises due east over Giza
-2651,Jupiter,due-east,Jupiter rises due east over Giza
-2646,Jupiter-Saturn,conjunction,Jupiter and Saturn conjunct — a great conjunction
-2645,Jupiter,due-east,Jupiter rises due east over Giza
-2644,Saturn,due-east,Saturn rises due east over Giza
-2639,Jupiter,due-east,Jupiter rises due east over Giza
-2633,Jupiter,due-east,Jupiter rises due east over Giza
-2628,Saturn,due-east,Saturn rises due east over Giza
-2627,Jupiter,due-east,Jupiter rises due east over Giza
-2627,Jupiter-Saturn,conjunction,Jupiter and Saturn conjunct — a great conjunction
-2621,Jupiter,due-east,Jupiter rises due east over Giza
-2616,Jupiter,due-east,Jupiter rises due east over Giza
-2614,Saturn,due-east,Saturn rises due east over Giza
-2610,Uranus,due-east,Uranus rises due east over Giza
-2609,Jupiter,due-east,Jupiter rises due east over Giza
-2606,Jupiter-Saturn,conjunction,Jupiter and Saturn conjunct — a great conjunction
-2604,Jupiter,due-east,Jupiter rises due east over Giza
-2599,Saturn,due-east,Saturn rises due east over Giza
-2597,Jupiter,due-east,Jupiter rises due east over Giza
-2592,Jupiter,due-east,Jupiter rises due east over Giza
-2587,Neptune,due-east,Neptune rises due east over Giza
-2586,Jupiter,due-east,Jupiter rises due east over Giza
-2586,Jupiter-Saturn,conjunction,Jupiter and Saturn conjunct — a great conjunction
-2585,Saturn,due-east,Saturn rises due east over Giza
-2580,Jupiter,due-east,Jupiter rises due east over Giza
-2574,Jupiter,due-east,Jupiter rises due east over Giza
-2569,Saturn,due-east,Saturn rises due east over Giza
-2568,Jupiter,due-east,Jupiter rises due east over Giza
-2568,Uranus,due-east,Uranus rises due east over Giza
-2567,Jupiter-Saturn,conjunction,Jupiter and Saturn conjunct — a great conjunction
-2562,Jupiter,due-east,Jupiter rises due east over Giza
-2556,Jupiter,due-east,Jupiter rises due east over Giza
-2555,Saturn,due-east,Saturn rises due east over Giza
-2550,Jupiter,due-east,Jupiter rises due east over Giza
-2547,Jupiter-Saturn,conjunction,Jupiter and Saturn conjunct — a great conjunction
-2544,Jupiter,due-east,Jupiter rises due east over Giza
-2540,Saturn,due-east,Saturn rises due east over Giza
-2538,Jupiter,due-east,Jupiter rises due east over Giza
-2532,Jupiter,due-east,Jupiter rises due east over Giza
-2527,Jupiter-Saturn,conjunction,Jupiter and Saturn conjunct — a great conjunction
-2526,Jupiter,due-east,Jupiter rises due east over Giza
-2526,Saturn,due-east,Saturn rises due east over Giza
-2526,Uranus,due-east,Uranus rises due east over Giza
-2521,Jupiter,due-east,Jupiter rises due east over Giza
-2514,Jupiter,due-east,Jupiter rises due east over Giza
-2510,Saturn,due-east,Saturn rises due east over Giza
-2509,Jupiter,due-east,Jupiter rises due east over Giza
-2508,Jupiter-Saturn,conjunction,Jupiter and Saturn conjunct — a great conjunction
-2505,Neptune,due-east,Neptune rises due east over Giza
-2503,Jupiter,due-east,Jupiter rises due east over Giza
-2497,Jupiter,due-east,Jupiter rises due east over Giza
-2497,Saturn,due-east,Saturn rises due east over Giza
-2491,Jupiter,due-east,Jupiter rises due east over Giza
-2487,Jupiter-Saturn,conjunction,Jupiter and Saturn conjunct — a great conjunction
-2485,Jupiter,due-east,Jupiter rises due east over Giza
-2484,Uranus,due-east,Uranus rises due east over Giza
-2481,Saturn,due-east,Saturn rises due east over Giza
-2479,Jupiter,due-east,Jupiter rises due east over Giza
-2473,Jupiter,due-east,Jupiter rises due east over Giza
-2467,Jupiter,due-east,Jupiter rises due east over Giza
-2467,Jupiter-Saturn,conjunction,Jupiter and Saturn conjunct — a great conjunction
-2467,Saturn,due-east,Saturn rises due east over Giza
-2461,Jupiter,due-east,Jupiter rises due east over Giza
-2455,Jupiter,due-east,Jupiter rises due east over Giza
-2452,Saturn,due-east,Saturn rises due east over Giza
-2449,Jupiter,due-east,Jupiter rises due east over Giza
-2448,Jupiter-Saturn,conjunction,Jupiter and Saturn conjunct — a great conjunction
-2443,Jupiter,due-east,Jupiter rises due east over Giza
-2442,Uranus,due-east,Uranus rises due east over Giza
-2438,Jupiter,due-east,Jupiter rises due east over Giza
-2438,Saturn,due-east,Saturn rises due east over Giza
-2431,Jupiter,due-east,Jupiter rises due east over Giza
-2428,Jupiter-Saturn,conjunction,Jupiter and Saturn conjunct — a great conjunction
-2426,Jupiter,due-east,Jupiter rises due east over Giza
-2422,Neptune,due-east,Neptune rises due east over Giza
-2422,Saturn,due-east,Saturn rises due east over Giza
-2420,Jupiter,due-east,Jupiter rises due east over Giza
-2414,Jupiter,due-east,Jupiter rises due east over Giza
-2408,Jupiter,due-east,Jupiter rises due east over Giza
-2408,Saturn,due-east,Saturn rises due east over Giza
-2407,Jupiter-Saturn,conjunction,Jupiter and Saturn conjunct — a great conjunction
-2402,Jupiter,due-east,Jupiter rises due east over Giza
-2400,Uranus,due-east,Uranus rises due east over Giza
-2396,Jupiter,due-east,Jupiter rises due east over Giza
-2393,Saturn,due-east,Saturn rises due east over Giza
-2390,Jupiter,due-east,Jupiter rises due east over Giza
-2388,Jupiter-Saturn,conjunction,Jupiter and Saturn conjunct — a great conjunction
-2384,Jupiter,due-east,Jupiter rises due east over Giza
-2379,Saturn,due-east,Saturn rises due east over Giza
-2378,Jupiter,due-east,Jupiter rises due east over Giza
-2372,Jupiter,due-east,Jupiter rises due east over Giza
-2368,Jupiter-Saturn,conjunction,Jupiter and Saturn conjunct — a great conjunction
-2366,Jupiter,due-east,Jupiter rises due east over Giza
-2363,Saturn,due-east,Saturn rises due east over Giza
-2360,Jupiter,due-east,Jupiter rises due east over Giza
-2358,Uranus,due-east,Uranus rises due east over Giza
-2355,Jupiter,due-east,Jupiter rises due east over Giza
-2349,Saturn,due-east,Saturn rises due east over Giza
-2348,Jupiter,due-east,Jupiter rises due east over Giza
-2348,Jupiter-Saturn,conjunction,Jupiter and Saturn conjunct — a great conjunction
-2343,Jupiter,due-east,Jupiter rises due east over Giza
-2340,Neptune,due-east,Neptune rises due east over Giza
-2336,Jupiter,due-east,Jupiter rises due east over Giza
-2334,Saturn,due-east,Saturn rises due east over Giza
-2331,Jupiter,due-east,Jupiter rises due east over Giza
-2329,Jupiter-Saturn,conjunction,Jupiter and Saturn conjunct — a great conjunction
-2325,Jupiter,due-east,Jupiter rises due east over Giza
-2320,Saturn,due-east,Saturn rises due east over Giza
-2319,Jupiter,due-east,Jupiter rises due east over Giza
-2316,Uranus,due-east,Uranus rises due east over Giza
-2313,Jupiter,due-east,Jupiter rises due east over Giza
-2309,Jupiter-Saturn,conjunction,Jupiter and Saturn conjunct — a great conjunction
-2307,Jupiter,due-east,Jupiter rises due east over Giza
-2304,Saturn,due-east,Saturn rises due east over Giza
-2301,Jupiter,due-east,Jupiter rises due east over Giza
-2295,Jupiter,due-east,Jupiter rises due east over Giza
-2290,Saturn,due-east,Saturn rises due east over Giza
-2289,Jupiter,due-east,Jupiter rises due east over Giza
-2288,Jupiter-Saturn,conjunction,Jupiter and Saturn conjunct — a great conjunction
-2283,Jupiter,due-east,Jupiter rises due east over Giza
-2277,Jupiter,due-east,Jupiter rises due east over Giza
-2275,Saturn,due-east,Saturn rises due east over Giza
-2274,Uranus,due-east,Uranus rises due east over Giza
-2272,Jupiter,due-east,Jupiter rises due east over Giza
-2269,Jupiter-Saturn,conjunction,Jupiter and Saturn conjunct — a great conjunction
-2265,Jupiter,due-east,Jupiter rises due east over Giza
-2261,Saturn,due-east,Saturn rises due east over Giza
-2260,Jupiter,due-east,Jupiter rises due east over Giza
-2258,Neptune,due-east,Neptune rises due east over Giza
-2253,Jupiter,due-east,Jupiter rises due east over Giza
-2249,Jupiter-Saturn,conjunction,Jupiter and Saturn conjunct — a great conjunction
-2248,Jupiter,due-east,Jupiter rises due east over Giza
-2245,Saturn,due-east,Saturn rises due east over Giza
-2242,Jupiter,due-east,Jupiter rises due east over Giza
-2236,Jupiter,due-east,Jupiter rises due east over Giza
-2232,Uranus,due-east,Uranus rises due east over Giza
-2231,Saturn,due-east,Saturn rises due east over Giza
-2230,Jupiter,due-east,Jupiter rises due east over Giza
-2229,Jupiter-Saturn,conjunction,Jupiter and Saturn conjunct — a great conjunction
-2224,Jupiter,due-east,Jupiter rises due east over Giza
-2218,Jupiter,due-east,Jupiter rises due east over Giza
-2216,Saturn,due-east,Saturn rises due east over Giza
-2212,Jupiter,due-east,Jupiter rises due east over Giza
-2210,Jupiter-Saturn,conjunction,Jupiter and Saturn conjunct — a great conjunction
-2206,Jupiter,due-east,Jupiter rises due east over Giza
-2202,Saturn,due-east,Saturn rises due east over Giza
-2200,Jupiter,due-east,Jupiter rises due east over Giza
-2194,Jupiter,due-east,Jupiter rises due east over Giza
-2190,Jupiter-Saturn,conjunction,Jupiter and Saturn conjunct — a great conjunction
-2190,Uranus,due-east,Uranus rises due east over Giza
-2189,Jupiter,due-east,Jupiter rises due east over Giza
-2186,Saturn,due-east,Saturn rises due east over Giza
-2182,Jupiter,due-east,Jupiter rises due east over Giza
-2177,Jupiter,due-east,Jupiter rises due east over Giza
-2175,Neptune,due-east,Neptune rises due east over Giza
-2172,Saturn,due-east,Saturn rises due east over Giza
-2170,Jupiter,due-east,Jupiter rises due east over Giza
-2169,Jupiter-Saturn,conjunction,Jupiter and Saturn conjunct — a great conjunction
-2165,Jupiter,due-east,Jupiter rises due east over Giza
-2159,Jupiter,due-east,Jupiter rises due east over Giza
-2157,Saturn,due-east,Saturn rises due east over Giza
-2153,Jupiter,due-east,Jupiter rises due east over Giza
-2150,Jupiter-Saturn,conjunction,Jupiter and Saturn conjunct — a great conjunction
-2148,Uranus,due-east,Uranus rises due east over Giza
-2147,Jupiter,due-east,Jupiter rises due east over Giza
-2143,Saturn,due-east,Saturn rises due east over Giza
-2141,Jupiter,due-east,Jupiter rises due east over Giza
-2135,Jupiter,due-east,Jupiter rises due east over Giza
-2130,Jupiter-Saturn,conjunction,Jupiter and Saturn conjunct — a great conjunction
-2129,Jupiter,due-east,Jupiter rises due east over Giza
-2127,Saturn,due-east,Saturn rises due east over Giza
-2123,Jupiter,due-east,Jupiter rises due east over Giza
-2117,Jupiter,due-east,Jupiter rises due east over Giza
-2113,Saturn,due-east,Saturn rises due east over Giza
-2111,Jupiter,due-east,Jupiter rises due east over Giza
-2109,Jupiter-Saturn,conjunction,Jupiter and Saturn conjunct — a great conjunction
-2106,Jupiter,due-east,Jupiter rises due east over Giza
-2106,Uranus,due-east,Uranus rises due east over Giza
-2099,Jupiter,due-east,Jupiter rises due east over Giza
-2098,Saturn,due-east,Saturn rises due east over Giza
-2094,Jupiter,due-east,Jupiter rises due east over Giza
-2093,Neptune,due-east,Neptune rises due east over Giza
-2090,Jupiter-Saturn,conjunction,Jupiter and Saturn conjunct — a great conjunction
-2087,Jupiter,due-east,Jupiter rises due east over Giza
-2084,Saturn,due-east,Saturn rises due east over Giza
-2082,Jupiter,due-east,Jupiter rises due east over Giza
-2076,Jupiter,due-east,Jupiter rises due east over Giza
-2071,Jupiter-Saturn,conjunction,Jupiter and Saturn conjunct — a great conjunction
-2070,Jupiter,due-east,Jupiter rises due east over Giza
-2069,Saturn,due-east,Saturn rises due east over Giza
-2064,Jupiter,due-east,Jupiter rises due east over Giza
-2064,Uranus,due-east,Uranus rises due east over Giza
-2058,Jupiter,due-east,Jupiter rises due east over Giza
-2054,Saturn,due-east,Saturn rises due east over Giza
-2052,Jupiter,due-east,Jupiter rises due east over Giza
-2050,Jupiter-Saturn,conjunction,Jupiter and Saturn conjunct — a great conjunction
-2046,Jupiter,due-east,Jupiter rises due east over Giza
-2040,Jupiter,due-east,Jupiter rises due east over Giza
-2039,Saturn,due-east,Saturn rises due east over Giza
-2034,Jupiter,due-east,Jupiter rises due east over Giza
-2031,Jupiter-Saturn,conjunction,Jupiter and Saturn conjunct — a great conjunction
-2028,Jupiter,due-east,Jupiter rises due east over Giza
-2025,Saturn,due-east,Saturn rises due east over Giza
-2022,Jupiter,due-east,Jupiter rises due east over Giza
-2022,Uranus,due-east,Uranus rises due east over Giza
-2016,Jupiter,due-east,Jupiter rises due east over Giza
-2011,Jupiter,due-east,Jupiter rises due east over Giza
-2011,Jupiter-Saturn,conjunction,Jupiter and Saturn conjunct — a great conjunction
-2010,Neptune,due-east,Neptune rises due east over Giza
-2010,Saturn,due-east,Saturn rises due east over Giza
-2004,Jupiter,due-east,Jupiter rises due east over Giza
-1999,Jupiter,due-east,Jupiter rises due east over Giza
-1996,Saturn,due-east,Saturn rises due east over Giza
-1992,Jupiter,due-east,Jupiter rises due east over Giza
-1990,Jupiter-Saturn,conjunction,Jupiter and Saturn conjunct — a great conjunction
-1987,Jupiter,due-east,Jupiter rises due east over Giza
-1981,Jupiter,due-east,Jupiter rises due east over Giza
-1980,Saturn,due-east,Saturn rises due east over Giza
-1980,Uranus,due-east,Uranus rises due east over Giza
-1975,Jupiter,due-east,Jupiter rises due east over Giza
-1971,Jupiter-Saturn,conjunction,Jupiter and Saturn conjunct — a great conjunction
-1969,Jupiter,due-east,Jupiter rises due east over Giza
-1966,Saturn,due-east,Saturn rises due east over Giza
-1963,Jupiter,due-east,Jupiter rises due east over Giza
-1957,Jupiter,due-east,Jupiter rises due east over Giza
-1952,Jupiter-Saturn,conjunction,Jupiter and Saturn conjunct — a great conjunction
-1952,outer-planets,gathering,The four outer planets gather within 31° of sky
-1951,Jupiter,due-east,Jupiter rises due east over Giza
-1951,Saturn,due-east,Saturn rises due east over Giza
-1945,Jupiter,due-east,Jupiter rises due east over Giza
-1939,Jupiter,due-east,Jupiter rises due east over Giza
-1938,Uranus,due-east,Uranus rises due east over Giza
-1937,Saturn,due-east,Saturn rises due east over Giza
-1933,Jupiter,due-east,Jupiter rises due east over Giza
-1931,Jupiter-Saturn,conjunction,Jupiter and Saturn conjunct — a great conjunction
-1928,Jupiter,due-east,Jupiter rises due east over Giza
-1928,Neptune,due-east,Neptune rises due east over Giza
-1921,Jupiter,due-east,Jupiter rises due east over Giza
-1921,Saturn,due-east,Saturn rises due east over Giza
-1916,Jupiter,due-east,Jupiter rises due east over Giza
-1911,Jupiter-Saturn,conjunction,Jupiter and Saturn conjunct — a great conjunction
-1909,Jupiter,due-east,Jupiter rises due east over Giza
-1907,Saturn,due-east,Saturn rises due east over Giza
-1904,Jupiter,due-east,Jupiter rises due east over Giza
-1898,Jupiter,due-east,Jupiter rises due east over Giza
-1896,Uranus,due-east,Uranus rises due east over Giza
-1892,Jupiter,due-east,Jupiter rises due east over Giza
-1892,Jupiter-Saturn,conjunction,Jupiter and Saturn conjunct — a great conjunction
-1892,Saturn,due-east,Saturn rises due east over Giza
-1886,Jupiter,due-east,Jupiter rises due east over Giza
-1880,Jupiter,due-east,Jupiter rises due east over Giza
-1878,Saturn,due-east,Saturn rises due east over Giza
-1874,Jupiter,due-east,Jupiter rises due east over Giza
-1871,Jupiter-Saturn,conjunction,Jupiter and Saturn conjunct — a great conjunction
-1868,Jupiter,due-east,Jupiter rises due east over Giza
-1862,Jupiter,due-east,Jupiter rises due east over Giza
-1862,Saturn,due-east,Saturn rises due east over Giza
-1856,Jupiter,due-east,Jupiter rises due east over Giza
-1854,Uranus,due-east,Uranus rises due east over Giza
-1852,Jupiter-Saturn,conjunction,Jupiter and Saturn conjunct — a great conjunction
-1850,Jupiter,due-east,Jupiter rises due east over Giza
-1848,Saturn,due-east,Saturn rises due east over Giza
-1846,Neptune,due-east,Neptune rises due east over Giza
-1845,Jupiter,due-east,Jupiter rises due east over Giza
-1838,Jupiter,due-east,Jupiter rises due east over Giza
-1833,Jupiter,due-east,Jupiter rises due east over Giza
-1833,Jupiter-Saturn,conjunction,Jupiter and Saturn conjunct — a great conjunction
-1833,Saturn,due-east,Saturn rises due east over Giza
-1826,Jupiter,due-east,Jupiter rises due east over Giza
-1821,Jupiter,due-east,Jupiter rises due east over Giza
-1819,Saturn,due-east,Saturn rises due east over Giza
-1815,Jupiter,due-east,Jupiter rises due east over Giza
-1812,Jupiter-Saturn,conjunction,Jupiter and Saturn conjunct — a great conjunction
-1812,Uranus,due-east,Uranus rises due east over Giza
-1809,Jupiter,due-east,Jupiter rises due east over Giza
-1803,Jupiter,due-east,Jupiter rises due east over Giza
-1803,Saturn,due-east,Saturn rises due east over Giza
-1797,Jupiter,due-east,Jupiter rises due east over Giza
-1792,Jupiter-Saturn,conjunction,Jupiter and Saturn conjunct — a great conjunction
-1791,Jupiter,due-east,Jupiter rises due east over Giza
-1789,Saturn,due-east,Saturn rises due east over Giza
-1785,Jupiter,due-east,Jupiter rises due east over Giza
-1779,Jupiter,due-east,Jupiter rises due east over Giza
-1774,Saturn,due-east,Saturn rises due east over Giza
-1774,outer-planets,gathering,The four outer planets gather within 23° of sky
-1773,Jupiter,due-east,Jupiter rises due east over Giza
-1773,Jupiter-Saturn,conjunction,Jupiter and Saturn conjunct — a great conjunction
-1770,Uranus,due-east,Uranus rises due east over Giza
-1767,Jupiter,due-east,Jupiter rises due east over Giza
-1763,Neptune,due-east,Neptune rises due east over Giza
-1762,Jupiter,due-east,Jupiter rises due east over Giza
-1760,Saturn,due-east,Saturn rises due east over Giza
-1755,Jupiter,due-east,Jupiter rises due east over Giza
-1752,Jupiter-Saturn,conjunction,Jupiter and Saturn conjunct — a great conjunction
-1750,Jupiter,due-east,Jupiter rises due east over Giza
-1745,Saturn,due-east,Saturn rises due east over Giza
-1743,Jupiter,due-east,Jupiter rises due east over Giza
-1738,Jupiter,due-east,Jupiter rises due east over Giza
-1732,Jupiter-Saturn,conjunction,Jupiter and Saturn conjunct — a great conjunction
-1731,Jupiter,due-east,Jupiter rises due east over Giza
-1730,Saturn,due-east,Saturn rises due east over Giza
-1728,Uranus,due-east,Uranus rises due east over Giza
-1726,Jupiter,due-east,Jupiter rises due east over Giza
-1720,Jupiter,due-east,Jupiter rises due east over Giza
-1715,Saturn,due-east,Saturn rises due east over Giza
-1714,Jupiter,due-east,Jupiter rises due east over Giza
-1713,Jupiter-Saturn,conjunction,Jupiter and Saturn conjunct — a great conjunction
-1708,Jupiter,due-east,Jupiter rises due east over Giza
-1702,Jupiter,due-east,Jupiter rises due east over Giza
-1701,Saturn,due-east,Saturn rises due east over Giza
-1696,Jupiter,due-east,Jupiter rises due east over Giza
-1693,Jupiter-Saturn,conjunction,Jupiter and Saturn conjunct — a great conjunction
-1690,Jupiter,due-east,Jupiter rises due east over Giza
-1686,Saturn,due-east,Saturn rises due east over Giza
-1686,Uranus,due-east,Uranus rises due east over Giza
-1684,Jupiter,due-east,Jupiter rises due east over Giza
-1681,Neptune,due-east,Neptune rises due east over Giza
-1678,Jupiter,due-east,Jupiter rises due east over Giza
-1673,Jupiter-Saturn,conjunction,Jupiter and Saturn conjunct — a great conjunction
-1672,Jupiter,due-east,Jupiter rises due east over Giza
-1672,Saturn,due-east,Saturn rises due east over Giza
-1667,Jupiter,due-east,Jupiter rises due east over Giza
-1660,Jupiter,due-east,Jupiter rises due east over Giza
-1656,Saturn,due-east,Saturn rises due east over Giza
-1655,Jupiter,due-east,Jupiter rises due east over Giza
-1654,Jupiter-Saturn,conjunction,Jupiter and Saturn conjunct — a great conjunction
-1648,Jupiter,due-east,Jupiter rises due east over Giza
-1644,Uranus,due-east,Uranus rises due east over Giza
-1643,Jupiter,due-east,Jupiter rises due east over Giza
-1642,Saturn,due-east,Saturn rises due east over Giza
-1637,Jupiter,due-east,Jupiter rises due east over Giza
-1633,Jupiter-Saturn,conjunction,Jupiter and Saturn conjunct — a great conjunction
-1631,Jupiter,due-east,Jupiter rises due east over Giza
-1627,Saturn,due-east,Saturn rises due east over Giza
-1625,Jupiter,due-east,Jupiter rises due east over Giza
-1619,Jupiter,due-east,Jupiter rises due east over Giza
-1613,Jupiter,due-east,Jupiter rises due east over Giza
-1613,Jupiter-Saturn,conjunction,Jupiter and Saturn conjunct — a great conjunction
-1613,Saturn,due-east,Saturn rises due east over Giza
-1607,Jupiter,due-east,Jupiter rises due east over Giza
-1602,Uranus,due-east,Uranus rises due east over Giza
-1601,Jupiter,due-east,Jupiter rises due east over Giza
-1598,Neptune,due-east,Neptune rises due east over Giza
-1597,Saturn,due-east,Saturn rises due east over Giza
-1595,Jupiter,due-east,Jupiter rises due east over Giza
-1594,Jupiter-Saturn,conjunction,Jupiter and Saturn conjunct — a great conjunction
-1594,outer-planets,gathering,The four outer planets gather within 22° of sky
-1589,Jupiter,due-east,Jupiter rises due east over Giza
-1584,Jupiter,due-east,Jupiter rises due east over Giza
-1583,Saturn,due-east,Saturn rises due east over Giza
-1577,Jupiter,due-east,Jupiter rises due east over Giza
-1574,Jupiter-Saturn,conjunction,Jupiter and Saturn conjunct — a great conjunction
-1572,Jupiter,due-east,Jupiter rises due east over Giza
-1568,Saturn,due-east,Saturn rises due east over Giza
-1565,Jupiter,due-east,Jupiter rises due east over Giza
-1560,Jupiter,due-east,Jupiter rises due east over Giza
-1560,Uranus,due-east,Uranus rises due east over Giza
-1554,Jupiter,due-east,Jupiter rises due east over Giza
-1554,Saturn,due-east,Saturn rises due east over Giza
-1553,Jupiter-Saturn,conjunction,Jupiter and Saturn conjunct — a great conjunction
-1548,Jupiter,due-east,Jupiter rises due east over Giza
-1542,Jupiter,due-east,Jupiter rises due east over Giza
-1538,Saturn,due-east,Saturn rises due east over Giza
-1536,Jupiter,due-east,Jupiter rises due east over Giza
-1535,Jupiter-Saturn,conjunction,Jupiter and Saturn conjunct — a great conjunction
-1530,Jupiter,due-east,Jupiter rises due east over Giza
-1524,Jupiter,due-east,Jupiter rises due east over Giza
-1524,Saturn,due-east,Saturn rises due east over Giza
-1518,Jupiter,due-east,Jupiter rises due east over Giza
-1518,Uranus,due-east,Uranus rises due east over Giza
-1516,Neptune,due-east,Neptune rises due east over Giza
-1514,Jupiter-Saturn,conjunction,Jupiter and Saturn conjunct — a great conjunction
-1512,Jupiter,due-east,Jupiter rises due east over Giza
-1509,Saturn,due-east,Saturn rises due east over Giza
-1506,Jupiter,due-east,Jupiter rises due east over Giza
-1501,Jupiter,due-east,Jupiter rises due east over Giza
-1495,Saturn,due-east,Saturn rises due east over Giza
-1494,Jupiter,due-east,Jupiter rises due east over Giza
-1494,Jupiter-Saturn,conjunction,Jupiter and Saturn conjunct — a great conjunction
-1489,Jupiter,due-east,Jupiter rises due east over Giza
-1482,Jupiter,due-east,Jupiter rises due east over Giza
-1480,Saturn,due-east,Saturn rises due east over Giza
-1477,Jupiter,due-east,Jupiter rises due east over Giza
-1476,Uranus,due-east,Uranus rises due east over Giza
-1475,Jupiter-Saturn,conjunction,Jupiter and Saturn conjunct — a great conjunction
-1470,Jupiter,due-east,Jupiter rises due east over Giza
-1465,Jupiter,due-east,Jupiter rises due east over Giza
-1465,Saturn,due-east,Saturn rises due east over Giza
-1459,Jupiter,due-east,Jupiter rises due east over Giza
-1455,Jupiter-Saturn,conjunction,Jupiter and Saturn conjunct — a great conjunction
-1455,outer-planets,gathering,The four outer planets gather within 36° of sky
-1453,Jupiter,due-east,Jupiter rises due east over Giza
-1450,Saturn,due-east,Saturn rises due east over Giza
-1447,Jupiter,due-east,Jupiter rises due east over Giza
-1441,Jupiter,due-east,Jupiter rises due east over Giza
-1436,Saturn,due-east,Saturn rises due east over Giza
-1435,Jupiter,due-east,Jupiter rises due east over Giza
-1434,Jupiter-Saturn,conjunction,Jupiter and Saturn conjunct — a great conjunction
-1434,Neptune,due-east,Neptune rises due east over Giza
-1434,Uranus,due-east,Uranus rises due east over Giza
-1429,Jupiter,due-east,Jupiter rises due east over Giza
-1423,Jupiter,due-east,Jupiter rises due east over Giza
-1421,Saturn,due-east,Saturn rises due east over Giza
-1418,Jupiter,due-east,Jupiter rises due east over Giza
-1415,Jupiter-Saturn,conjunction,Jupiter and Saturn conjunct — a great conjunction
-1415,outer-planets,gathering,The four outer planets gather within 32° of sky
-1411,Jupiter,due-east,Jupiter rises due east over Giza
-1407,Saturn,due-east,Saturn rises due east over Giza
-1406,Jupiter,due-east,Jupiter rises due east over Giza
-1399,Jupiter,due-east,Jupiter rises due east over Giza
-1395,Jupiter-Saturn,conjunction,Jupiter and Saturn conjunct — a great conjunction
-1394,Jupiter,due-east,Jupiter rises due east over Giza
-1392,Uranus,due-east,Uranus rises due east over Giza
-1391,Saturn,due-east,Saturn rises due east over Giza
-1387,Jupiter,due-east,Jupiter rises due east over Giza
-1382,Jupiter,due-east,Jupiter rises due east over Giza
-1377,Saturn,due-east,Saturn rises due east over Giza
-1376,Jupiter,due-east,Jupiter rises due east over Giza
-1375,Jupiter-Saturn,conjunction,Jupiter and Saturn conjunct — a great conjunction
-1370,Jupiter,due-east,Jupiter rises due east over Giza
-1364,Jupiter,due-east,Jupiter rises due east over Giza
-1362,Saturn,due-east,Saturn rises due east over Giza
-1358,Jupiter,due-east,Jupiter rises due east over Giza
-1356,Jupiter-Saturn,conjunction,Jupiter and Saturn conjunct — a great conjunction
-1352,Jupiter,due-east,Jupiter rises due east over Giza
-1351,Neptune,due-east,Neptune rises due east over Giza
-1350,Uranus,due-east,Uranus rises due east over Giza
-1348,Saturn,due-east,Saturn rises due east over Giza
-1346,Jupiter,due-east,Jupiter rises due east over Giza
-1340,Jupiter,due-east,Jupiter rises due east over Giza
-1336,Jupiter-Saturn,conjunction,Jupiter and Saturn conjunct — a great conjunction
-1335,Jupiter,due-east,Jupiter rises due east over Giza
-1332,Saturn,due-east,Saturn rises due east over Giza
-1328,Jupiter,due-east,Jupiter rises due east over Giza
-1323,Jupiter,due-east,Jupiter rises due east over Giza
-1318,Saturn,due-east,Saturn rises due east over Giza
-1316,Jupiter,due-east,Jupiter rises due east over Giza
-1315,Jupiter-Saturn,conjunction,Jupiter and Saturn conjunct — a great conjunction
-1311,Jupiter,due-east,Jupiter rises due east over Giza
-1308,Uranus,due-east,Uranus rises due east over Giza
-1304,Jupiter,due-east,Jupiter rises due east over Giza
-1303,Saturn,due-east,Saturn rises due east over Giza
-1299,Jupiter,due-east,Jupiter rises due east over Giza
-1296,Jupiter-Saturn,conjunction,Jupiter and Saturn conjunct — a great conjunction
-1293,Jupiter,due-east,Jupiter rises due east over Giza
-1289,Saturn,due-east,Saturn rises due east over Giza
-1287,Jupiter,due-east,Jupiter rises due east over Giza
-1281,Jupiter,due-east,Jupiter rises due east over Giza
-1276,Jupiter-Saturn,conjunction,Jupiter and Saturn conjunct — a great conjunction
-1275,Jupiter,due-east,Jupiter rises due east over Giza
-1275,outer-planets,gathering,The four outer planets gather within 24° of sky
-1273,Saturn,due-east,Saturn rises due east over Giza
-1269,Jupiter,due-east,Jupiter rises due east over Giza
-1269,Neptune,due-east,Neptune rises due east over Giza
-1266,Uranus,due-east,Uranus rises due east over Giza
-1263,Jupiter,due-east,Jupiter rises due east over Giza
-1259,Saturn,due-east,Saturn rises due east over Giza
-1257,Jupiter,due-east,Jupiter rises due east over Giza
-1255,Jupiter-Saturn,conjunction,Jupiter and Saturn conjunct — a great conjunction
-1251,Jupiter,due-east,Jupiter rises due east over Giza
-1245,Jupiter,due-east,Jupiter rises due east over Giza
-1244,Saturn,due-east,Saturn rises due east over Giza
-1240,Jupiter,due-east,Jupiter rises due east over Giza
-1237,Jupiter-Saturn,conjunction,Jupiter and Saturn conjunct — a great conjunction
-1233,Jupiter,due-east,Jupiter rises due east over Giza
-1230,Saturn,due-east,Saturn rises due east over Giza
-1228,Jupiter,due-east,Jupiter rises due east over Giza
-1224,Uranus,due-east,Uranus rises due east over Giza
-1221,Jupiter,due-east,Jupiter rises due east over Giza
-1217,Jupiter-Saturn,conjunction,Jupiter and Saturn conjunct — a great conjunction
-1216,Jupiter,due-east,Jupiter rises due east over Giza
-1214,Saturn,due-east,Saturn rises due east over Giza
-1210,Jupiter,due-east,Jupiter rises due east over Giza
-1204,Jupiter,due-east,Jupiter rises due east over Giza
-1200,Saturn,due-east,Saturn rises due east over Giza
-1198,Jupiter,due-east,Jupiter rises due east over Giza
-1196,Jupiter-Saturn,conjunction,Jupiter and Saturn conjunct — a great conjunction
-1192,Jupiter,due-east,Jupiter rises due east over Giza
-1186,Jupiter,due-east,Jupiter rises due east over Giza
-1186,Neptune,due-east,Neptune rises due east over Giza
-1185,Saturn,due-east,Saturn rises due east over Giza
-1182,Uranus,due-east,Uranus rises due east over Giza
-1180,Jupiter,due-east,Jupiter rises due east over Giza
-1177,Jupiter-Saturn,conjunction,Jupiter and Saturn conjunct — a great conjunction
-1174,Jupiter,due-east,Jupiter rises due east over Giza
-1171,Saturn,due-east,Saturn rises due east over Giza
-1168,Jupiter,due-east,Jupiter rises due east over Giza
-1162,Jupiter,due-east,Jupiter rises due east over Giza
-1157,Jupiter,due-east,Jupiter rises due east over Giza
-1157,Jupiter-Saturn,conjunction,Jupiter and Saturn conjunct — a great conjunction
-1155,Saturn,due-east,Saturn rises due east over Giza
-1150,Jupiter,due-east,Jupiter rises due east over Giza
-1145,Jupiter,due-east,Jupiter rises due east over Giza
-1141,Saturn,due-east,Saturn rises due east over Giza
-1140,Uranus,due-east,Uranus rises due east over Giza
-1138,Jupiter,due-east,Jupiter rises due east over Giza
-1136,Jupiter-Saturn,conjunction,Jupiter and Saturn conjunct — a great conjunction
-1133,Jupiter,due-east,Jupiter rises due east over Giza
-1126,Jupiter,due-east,Jupiter rises due east over Giza
-1126,Saturn,due-east,Saturn rises due east over Giza
-1121,Jupiter,due-east,Jupiter rises due east over Giza
-1117,Jupiter-Saturn,conjunction,Jupiter and Saturn conjunct — a great conjunction
-1115,Jupiter,due-east,Jupiter rises due east over Giza
-1112,Saturn,due-east,Saturn rises due east over Giza
-1109,Jupiter,due-east,Jupiter rises due east over Giza
-1104,Neptune,due-east,Neptune rises due east over Giza
-1103,Jupiter,due-east,Jupiter rises due east over Giza
-1098,Jupiter-Saturn,conjunction,Jupiter and Saturn conjunct — a great conjunction
-1098,Uranus,due-east,Uranus rises due east over Giza
-1097,Jupiter,due-east,Jupiter rises due east over Giza
-1096,Saturn,due-east,Saturn rises due east over Giza
-1096,outer-planets,gathering,The four outer planets gather within 24° of sky
-1091,Jupiter,due-east,Jupiter rises due east over Giza
-1085,Jupiter,due-east,Jupiter rises due east over Giza
-1082,Saturn,due-east,Saturn rises due east over Giza
-1079,Jupiter,due-east,Jupiter rises due east over Giza
-1077,Jupiter-Saturn,conjunction,Jupiter and Saturn conjunct — a great conjunction
-1074,Jupiter,due-east,Jupiter rises due east over Giza
-1067,Jupiter,due-east,Jupiter rises due east over Giza
-1067,Saturn,due-east,Saturn rises due east over Giza
-1062,Jupiter,due-east,Jupiter rises due east over Giza
-1058,Jupiter-Saturn,conjunction,Jupiter and Saturn conjunct — a great conjunction
-1056,Uranus,due-east,Uranus rises due east over Giza
-1055,Jupiter,due-east,Jupiter rises due east over Giza
-1053,Saturn,due-east,Saturn rises due east over Giza
-1050,Jupiter,due-east,Jupiter rises due east over Giza
-1043,Jupiter,due-east,Jupiter rises due east over Giza
-1038,Jupiter,due-east,Jupiter rises due east over Giza
-1038,Jupiter-Saturn,conjunction,Jupiter and Saturn conjunct — a great conjunction
-1038,Saturn,due-east,Saturn rises due east over Giza
-1032,Jupiter,due-east,Jupiter rises due east over Giza
-1026,Jupiter,due-east,Jupiter rises due east over Giza
-1023,Saturn,due-east,Saturn rises due east over Giza
-1022,Neptune,due-east,Neptune rises due east over Giza
-1020,Jupiter,due-east,Jupiter rises due east over Giza
-1017,Jupiter-Saturn,conjunction,Jupiter and Saturn conjunct — a great conjunction
-1014,Jupiter,due-east,Jupiter rises due east over Giza
-1014,Uranus,due-east,Uranus rises due east over Giza
-1008,Jupiter,due-east,Jupiter rises due east over Giza
-1008,Saturn,due-east,Saturn rises due east over Giza
-1002,Jupiter,due-east,Jupiter rises due east over Giza
-998,Jupiter-Saturn,conjunction,Jupiter and Saturn conjunct — a great conjunction
-996,Jupiter,due-east,Jupiter rises due east over Giza
-994,Saturn,due-east,Saturn rises due east over Giza
-991,Jupiter,due-east,Jupiter rises due east over Giza
-984,Jupiter,due-east,Jupiter rises due east over Giza
-979,Jupiter,due-east,Jupiter rises due east over Giza
-979,Jupiter-Saturn,conjunction,Jupiter and Saturn conjunct — a great conjunction
-979,Saturn,due-east,Saturn rises due east over Giza
-972,Jupiter,due-east,Jupiter rises due east over Giza
-972,Uranus,due-east,Uranus rises due east over Giza
-967,Jupiter,due-east,Jupiter rises due east over Giza
-965,Saturn,due-east,Saturn rises due east over Giza
-960,Jupiter,due-east,Jupiter rises due east over Giza
-958,Jupiter-Saturn,conjunction,Jupiter and Saturn conjunct — a great conjunction
-955,Jupiter,due-east,Jupiter rises due east over Giza
-949,Jupiter,due-east,Jupiter rises due east over Giza
-949,Saturn,due-east,Saturn rises due east over Giza
-943,Jupiter,due-east,Jupiter rises due east over Giza
-939,Neptune,due-east,Neptune rises due east over Giza
-938,Jupiter-Saturn,conjunction,Jupiter and Saturn conjunct — a great conjunction
-937,Jupiter,due-east,Jupiter rises due east over Giza
-935,Saturn,due-east,Saturn rises due east over Giza
-931,Jupiter,due-east,Jupiter rises due east over Giza
-930,Uranus,due-east,Uranus rises due east over Giza
-925,Jupiter,due-east,Jupiter rises due east over Giza
-920,Saturn,due-east,Saturn rises due east over Giza
-919,Jupiter,due-east,Jupiter rises due east over Giza
-919,Jupiter-Saturn,conjunction,Jupiter and Saturn conjunct — a great conjunction
-917,outer-planets,gathering,The four outer planets gather within 29° of sky
-913,Jupiter,due-east,Jupiter rises due east over Giza
-908,Jupiter,due-east,Jupiter rises due east over Giza
-906,Saturn,due-east,Saturn rises due east over Giza
-901,Jupiter,due-east,Jupiter rises due east over Giza
-898,Jupiter-Saturn,conjunction,Jupiter and Saturn conjunct — a great conjunction
-896,Jupiter,due-east,Jupiter rises due east over Giza
-890,Saturn,due-east,Saturn rises due east over Giza
-889,Jupiter,due-east,Jupiter rises due east over Giza
-888,Uranus,due-east,Uranus rises due east over Giza
-884,Jupiter,due-east,Jupiter rises due east over Giza
-879,Jupiter-Saturn,conjunction,Jupiter and Saturn conjunct — a great conjunction
-877,Jupiter,due-east,Jupiter rises due east over Giza
-876,Saturn,due-east,Saturn rises due east over Giza
-872,Jupiter,due-east,Jupiter rises due east over Giza
-866,Jupiter,due-east,Jupiter rises due east over Giza
-861,Saturn,due-east,Saturn rises due east over Giza
-860,Jupiter,due-east,Jupiter rises due east over Giza
-860,Jupiter-Saturn,conjunction,Jupiter and Saturn conjunct — a great conjunction
-857,Neptune,due-east,Neptune rises due east over Giza
-854,Jupiter,due-east,Jupiter rises due east over Giza
-848,Jupiter,due-east,Jupiter rises due east over Giza
-847,Saturn,due-east,Saturn rises due east over Giza
-846,Uranus,due-east,Uranus rises due east over Giza
-842,Jupiter,due-east,Jupiter rises due east over Giza
-839,Jupiter-Saturn,conjunction,Jupiter and Saturn conjunct — a great conjunction
-836,Jupiter,due-east,Jupiter rises due east over Giza
-831,Saturn,due-east,Saturn rises due east over Giza
-830,Jupiter,due-east,Jupiter rises due east over Giza
-824,Jupiter,due-east,Jupiter rises due east over Giza
-819,Jupiter-Saturn,conjunction,Jupiter and Saturn conjunct — a great conjunction
-818,Jupiter,due-east,Jupiter rises due east over Giza
-817,Saturn,due-east,Saturn rises due east over Giza
-813,Jupiter,due-east,Jupiter rises due east over Giza
-806,Jupiter,due-east,Jupiter rises due east over Giza
-804,Uranus,due-east,Uranus rises due east over Giza
-802,Saturn,due-east,Saturn rises due east over Giza
-801,Jupiter,due-east,Jupiter rises due east over Giza
-800,Jupiter-Saturn,conjunction,Jupiter and Saturn conjunct — a great conjunction
-794,Jupiter,due-east,Jupiter rises due east over Giza
-789,Jupiter,due-east,Jupiter rises due east over Giza
-788,Saturn,due-east,Saturn rises due east over Giza
-782,Jupiter,due-east,Jupiter rises due east over Giza
-779,Jupiter-Saturn,conjunction,Jupiter and Saturn conjunct — a great conjunction
-777,Jupiter,due-east,Jupiter rises due east over Giza
-774,Neptune,due-east,Neptune rises due east over Giza
-773,Saturn,due-east,Saturn rises due east over Giza
-771,Jupiter,due-east,Jupiter rises due east over Giza
-765,Jupiter,due-east,Jupiter rises due east over Giza
-762,Uranus,due-east,Uranus rises due east over Giza
-759,Jupiter,due-east,Jupiter rises due east over Giza
-759,Jupiter-Saturn,conjunction,Jupiter and Saturn conjunct — a great conjunction
-758,Saturn,due-east,Saturn rises due east over Giza
-753,Jupiter,due-east,Jupiter rises due east over Giza
-747,Jupiter,due-east,Jupiter rises due east over Giza
-743,Saturn,due-east,Saturn rises due east over Giza
-741,Jupiter,due-east,Jupiter rises due east over Giza
-740,Jupiter-Saturn,conjunction,Jupiter and Saturn conjunct — a great conjunction
-738,outer-planets,gathering,The four outer planets gather within 35° of sky
-735,Jupiter,due-east,Jupiter rises due east over Giza
-730,Jupiter,due-east,Jupiter rises due east over Giza
-729,Saturn,due-east,Saturn rises due east over Giza
-723,Jupiter,due-east,Jupiter rises due east over Giza
-720,Jupiter-Saturn,conjunction,Jupiter and Saturn conjunct — a great conjunction
-720,Uranus,due-east,Uranus rises due east over Giza
-718,Jupiter,due-east,Jupiter rises due east over Giza
-714,Saturn,due-east,Saturn rises due east over Giza
-711,Jupiter,due-east,Jupiter rises due east over Giza
-706,Jupiter,due-east,Jupiter rises due east over Giza
-700,Saturn,due-east,Saturn rises due east over Giza
-699,Jupiter,due-east,Jupiter rises due east over Giza
-699,Jupiter-Saturn,conjunction,Jupiter and Saturn conjunct — a great conjunction
-694,Jupiter,due-east,Jupiter rises due east over Giza
-692,Neptune,due-east,Neptune rises due east over Giza
-688,Jupiter,due-east,Jupiter rises due east over Giza
-684,Saturn,due-east,Saturn rises due east over Giza
-682,Jupiter,due-east,Jupiter rises due east over Giza
-681,Jupiter-Saturn,conjunction,Jupiter and Saturn conjunct — a great conjunction
-678,Uranus,due-east,Uranus rises due east over Giza
-676,Jupiter,due-east,Jupiter rises due east over Giza
-670,Jupiter,due-east,Jupiter rises due east over Giza
-670,Saturn,due-east,Saturn rises due east over Giza
-664,Jupiter,due-east,Jupiter rises due east over Giza
-660,Jupiter-Saturn,conjunction,Jupiter and Saturn conjunct — a great conjunction
-658,Jupiter,due-east,Jupiter rises due east over Giza
-655,Saturn,due-east,Saturn rises due east over Giza
-652,Jupiter,due-east,Jupiter rises due east over Giza
-647,Jupiter,due-east,Jupiter rises due east over Giza
-641,Saturn,due-east,Saturn rises due east over Giza
-640,Jupiter,due-east,Jupiter rises due east over Giza
-640,Jupiter-Saturn,conjunction,Jupiter and Saturn conjunct — a great conjunction
-636,Uranus,due-east,Uranus rises due east over Giza
-635,Jupiter,due-east,Jupiter rises due east over Giza
-628,Jupiter,due-east,Jupiter rises due east over Giza
-625,Saturn,due-east,Saturn rises due east over Giza
-623,Jupiter,due-east,Jupiter rises due east over Giza
-621,Jupiter-Saturn,conjunction,Jupiter and Saturn conjunct — a great conjunction
-616,Jupiter,due-east,Jupiter rises due east over Giza
-611,Jupiter,due-east,Jupiter rises due east over Giza
-611,Saturn,due-east,Saturn rises due east over Giza
-609,Neptune,due-east,Neptune rises due east over Giza
-605,Jupiter,due-east,Jupiter rises due east over Giza
-601,Jupiter-Saturn,conjunction,Jupiter and Saturn conjunct — a great conjunction
-599,Jupiter,due-east,Jupiter rises due east over Giza
-596,Saturn,due-east,Saturn rises due east over Giza
-594,Uranus,due-east,Uranus rises due east over Giza
-593,Jupiter,due-east,Jupiter rises due east over Giza
-587,Jupiter,due-east,Jupiter rises due east over Giza
-582,Saturn,due-east,Saturn rises due east over Giza
-581,Jupiter,due-east,Jupiter rises due east over Giza
-580,Jupiter-Saturn,conjunction,Jupiter and Saturn conjunct — a great conjunction
-575,Jupiter,due-east,Jupiter rises due east over Giza
-569,Jupiter,due-east,Jupiter rises due east over Giza
-566,Saturn,due-east,Saturn rises due east over Giza
-563,Jupiter,due-east,Jupiter rises due east over Giza
-561,Jupiter-Saturn,conjunction,Jupiter and Saturn conjunct — a great conjunction
-557,Jupiter,due-east,Jupiter rises due east over Giza
-552,Jupiter,due-east,Jupiter rises due east over Giza
-552,Saturn,due-east,Saturn rises due east over Giza
-552,Uranus,due-east,Uranus rises due east over Giza
-545,Jupiter,due-east,Jupiter rises due east over Giza
-541,Jupiter-Saturn,conjunction,Jupiter and Saturn conjunct — a great conjunction
-540,Jupiter,due-east,Jupiter rises due east over Giza
-537,Saturn,due-east,Saturn rises due east over Giza
-533,Jupiter,due-east,Jupiter rises due east over Giza
-528,Jupiter,due-east,Jupiter rises due east over Giza
-527,Neptune,due-east,Neptune rises due east over Giza
-523,Saturn,due-east,Saturn rises due east over Giza
-522,Jupiter,due-east,Jupiter rises due east over Giza
-521,Jupiter-Saturn,conjunction,Jupiter and Saturn conjunct — a great conjunction
-516,Jupiter,due-east,Jupiter rises due east over Giza
-510,Jupiter,due-east,Jupiter rises due east over Giza
-510,Uranus,due-east,Uranus rises due east over Giza
-507,Saturn,due-east,Saturn rises due east over Giza
-504,Jupiter,due-east,Jupiter rises due east over Giza
-502,Jupiter-Saturn,conjunction,Jupiter and Saturn conjunct — a great conjunction
-498,Jupiter,due-east,Jupiter rises due east over Giza
-493,Saturn,due-east,Saturn rises due east over Giza
-492,Jupiter,due-east,Jupiter rises due east over Giza
-486,Jupiter,due-east,Jupiter rises due east over Giza
-482,Jupiter-Saturn,conjunction,Jupiter and Saturn conjunct — a great conjunction
-480,Jupiter,due-east,Jupiter rises due east over Giza
-478,Saturn,due-east,Saturn rises due east over Giza
-474,Jupiter,due-east,Jupiter rises due east over Giza
-469,Jupiter,due-east,Jupiter rises due east over Giza
-468,Uranus,due-east,Uranus rises due east over Giza
-464,Saturn,due-east,Saturn rises due east over Giza
-462,Jupiter,due-east,Jupiter rises due east over Giza
-461,Jupiter-Saturn,conjunction,Jupiter and Saturn conjunct — a great conjunction
-457,Jupiter,due-east,Jupiter rises due east over Giza
-450,Jupiter,due-east,Jupiter rises due east over Giza
-449,Saturn,due-east,Saturn rises due east over Giza
-445,Jupiter,due-east,Jupiter rises due east over Giza
-445,Neptune,due-east,Neptune rises due east over Giza
-442,Jupiter-Saturn,conjunction,Jupiter and Saturn conjunct — a great conjunction
-438,Jupiter,due-east,Jupiter rises due east over Giza
-434,Saturn,due-east,Saturn rises due east over Giza
-433,Jupiter,due-east,Jupiter rises due east over Giza
-427,Jupiter,due-east,Jupiter rises due east over Giza
-426,Uranus,due-east,Uranus rises due east over Giza
-422,Jupiter-Saturn,conjunction,Jupiter and Saturn conjunct — a great conjunction
-421,Jupiter,due-east,Jupiter rises due east over Giza
-419,Saturn,due-east,Saturn rises due east over Giza
-415,Jupiter,due-east,Jupiter rises due east over Giza
-409,Jupiter,due-east,Jupiter rises due east over Giza
-405,Saturn,due-east,Saturn rises due east over Giza
-403,Jupiter,due-east,Jupiter rises due east over Giza
-401,Jupiter-Saturn,conjunction,Jupiter and Saturn conjunct — a great conjunction
-397,Jupiter,due-east,Jupiter rises due east over Giza
-391,Jupiter,due-east,Jupiter rises due east over Giza
-390,Saturn,due-east,Saturn rises due east over Giza
-386,Jupiter,due-east,Jupiter rises due east over Giza
-384,Uranus,due-east,Uranus rises due east over Giza
-383,Jupiter-Saturn,conjunction,Jupiter and Saturn conjunct — a great conjunction
-379,Jupiter,due-east,Jupiter rises due east over Giza
-376,Saturn,due-east,Saturn rises due east over Giza
-374,Jupiter,due-east,Jupiter rises due east over Giza
-367,Jupiter,due-east,Jupiter rises due east over Giza
-363,Jupiter-Saturn,conjunction,Jupiter and Saturn conjunct — a great conjunction
-363,Neptune,due-east,Neptune rises due east over Giza
-362,Jupiter,due-east,Jupiter rises due east over Giza
-360,Saturn,due-east,Saturn rises due east over Giza
-355,Jupiter,due-east,Jupiter rises due east over Giza
-350,Jupiter,due-east,Jupiter rises due east over Giza
-346,Saturn,due-east,Saturn rises due east over Giza
-344,Jupiter,due-east,Jupiter rises due east over Giza
-342,Jupiter-Saturn,conjunction,Jupiter and Saturn conjunct — a great conjunction
-342,Uranus,due-east,Uranus rises due east over Giza
-338,Jupiter,due-east,Jupiter rises due east over Giza
-332,Jupiter,due-east,Jupiter rises due east over Giza
-331,Saturn,due-east,Saturn rises due east over Giza
-326,Jupiter,due-east,Jupiter rises due east over Giza
-323,Jupiter-Saturn,conjunction,Jupiter and Saturn conjunct — a great conjunction
-320,Jupiter,due-east,Jupiter rises due east over Giza
-317,Saturn,due-east,Saturn rises due east over Giza
-314,Jupiter,due-east,Jupiter rises due east over Giza
-308,Jupiter,due-east,Jupiter rises due east over Giza
-303,Jupiter,due-east,Jupiter rises due east over Giza
-303,Jupiter-Saturn,conjunction,Jupiter and Saturn conjunct — a great conjunction
-301,Saturn,due-east,Saturn rises due east over Giza
-300,Uranus,due-east,Uranus rises due east over Giza
-296,Jupiter,due-east,Jupiter rises due east over Giza
-291,Jupiter,due-east,Jupiter rises due east over Giza
-287,Saturn,due-east,Saturn rises due east over Giza
-284,Jupiter,due-east,Jupiter rises due east over Giza
-282,Jupiter-Saturn,conjunction,Jupiter and Saturn conjunct — a great conjunction
-280,Neptune,due-east,Neptune rises due east over Giza
-279,Jupiter,due-east,Jupiter rises due east over Giza
-272,Jupiter,due-east,Jupiter rises due east over Giza
-272,Saturn,due-east,Saturn rises due east over Giza
-267,Jupiter,due-east,Jupiter rises due east over Giza
-263,Jupiter-Saturn,conjunction,Jupiter and Saturn conjunct — a great conjunction
-261,Jupiter,due-east,Jupiter rises due east over Giza
-258,Saturn,due-east,Saturn rises due east over Giza
-258,Uranus,due-east,Uranus rises due east over Giza
-255,Jupiter,due-east,Jupiter rises due east over Giza
-249,Jupiter,due-east,Jupiter rises due east over Giza
-244,Jupiter-Saturn,conjunction,Jupiter and Saturn conjunct — a great conjunction
-243,Jupiter,due-east,Jupiter rises due east over Giza
-242,Saturn,due-east,Saturn rises due east over Giza
-237,Jupiter,due-east,Jupiter rises due east over Giza
-231,Jupiter,due-east,Jupiter rises due east over Giza
-228,Saturn,due-east,Saturn rises due east over Giza
-225,Jupiter,due-east,Jupiter rises due east over Giza
-223,Jupiter-Saturn,conjunction,Jupiter and Saturn conjunct — a great conjunction
-220,Jupiter,due-east,Jupiter rises due east over Giza
-216,Uranus,due-east,Uranus rises due east over Giza
-213,Jupiter,due-east,Jupiter rises due east over Giza
-213,Saturn,due-east,Saturn rises due east over Giza
-208,Jupiter,due-east,Jupiter rises due east over Giza
-204,Jupiter-Saturn,conjunction,Jupiter and Saturn conjunct — a great conjunction
-201,Jupiter,due-east,Jupiter rises due east over Giza
-199,Saturn,due-east,Saturn rises due east over Giza
-198,Neptune,due-east,Neptune rises due east over Giza
-196,Jupiter,due-east,Jupiter rises due east over Giza
-189,Jupiter,due-east,Jupiter rises due east over Giza
-184,Jupiter,due-east,Jupiter rises due east over Giza
-184,Jupiter-Saturn,conjunction,Jupiter and Saturn conjunct — a great conjunction
-183,Saturn,due-east,Saturn rises due east over Giza
-178,Jupiter,due-east,Jupiter rises due east over Giza
-174,Uranus,due-east,Uranus rises due east over Giza
-172,Jupiter,due-east,Jupiter rises due east over Giza
-169,Saturn,due-east,Saturn rises due east over Giza
-166,Jupiter,due-east,Jupiter rises due east over Giza
-163,Jupiter-Saturn,conjunction,Jupiter and Saturn conjunct — a great conjunction
-160,Jupiter,due-east,Jupiter rises due east over Giza
-154,Jupiter,due-east,Jupiter rises due east over Giza
-154,Saturn,due-east,Saturn rises due east over Giza
-148,Jupiter,due-east,Jupiter rises due east over Giza
-144,Jupiter-Saturn,conjunction,Jupiter and Saturn conjunct — a great conjunction
-142,Jupiter,due-east,Jupiter rises due east over Giza
-140,Saturn,due-east,Saturn rises due east over Giza
-136,Jupiter,due-east,Jupiter rises due east over Giza
-132,Uranus,due-east,Uranus rises due east over Giza
-130,Jupiter,due-east,Jupiter rises due east over Giza
-125,Jupiter,due-east,Jupiter rises due east over Giza
-125,Jupiter-Saturn,conjunction,Jupiter and Saturn conjunct — a great conjunction
-124,Saturn,due-east,Saturn rises due east over Giza
-118,Jupiter,due-east,Jupiter rises due east over Giza
-115,Neptune,due-east,Neptune rises due east over Giza
-113,Jupiter,due-east,Jupiter rises due east over Giza
-110,Saturn,due-east,Saturn rises due east over Giza
-106,Jupiter,due-east,Jupiter rises due east over Giza
-104,Jupiter-Saturn,conjunction,Jupiter and Saturn conjunct — a great conjunction
-101,Jupiter,due-east,Jupiter rises due east over Giza
-95,Jupiter,due-east,Jupiter rises due east over Giza
-95,Saturn,due-east,Saturn rises due east over Giza
-90,Uranus,due-east,Uranus rises due east over Giza
-89,Jupiter,due-east,Jupiter rises due east over Giza
-84,Jupiter-Saturn,conjunction,Jupiter and Saturn conjunct — a great conjunction
-83,Jupiter,due-east,Jupiter rises due east over Giza
-81,Saturn,due-east,Saturn rises due east over Giza
-77,Jupiter,due-east,Jupiter rises due east over Giza
-71,Jupiter,due-east,Jupiter rises due east over Giza
-66,Saturn,due-east,Saturn rises due east over Giza
-65,Jupiter,due-east,Jupiter rises due east over Giza
-65,Jupiter-Saturn,conjunction,Jupiter and Saturn conjunct — a great conjunction
-59,Jupiter,due-east,Jupiter rises due east over Giza
-53,Jupiter,due-east,Jupiter rises due east over Giza
-51,Saturn,due-east,Saturn rises due east over Giza
-48,Uranus,due-east,Uranus rises due east over Giza
-47,Jupiter,due-east,Jupiter rises due east over Giza
-44,Jupiter-Saturn,conjunction,Jupiter and Saturn conjunct — a great conjunction
-42,Jupiter,due-east,Jupiter rises due east over Giza
-36,Saturn,due-east,Saturn rises due east over Giza
-35,Jupiter,due-east,Jupiter rises due east over Giza
-33,Neptune,due-east,Neptune rises due east over Giza
-30,Jupiter,due-east,Jupiter rises due east over Giza
-25,Jupiter-Saturn,conjunction,Jupiter and Saturn conjunct — a great conjunction
-23,Jupiter,due-east,Jupiter rises due east over Giza
-22,Saturn,due-east,Saturn rises due east over Giza
-18,Jupiter,due-east,Jupiter rises due east over Giza
-12,Jupiter,due-east,Jupiter rises due east over Giza
-7,Saturn,due-east,Saturn rises due east over Giza
-6,Jupiter,due-east,Jupiter rises due east over Giza
-6,Jupiter-Saturn,conjunction,Jupiter and Saturn conjunct — a great conjunction
-6,Uranus,due-east,Uranus rises due east over Giza
0,Jupiter,due-east,Jupiter rises due east over Giza
6,Jupiter,due-east,Jupiter rises due east over Giza
8,Saturn,due-east,Saturn rises due east over Giza
12,Jupiter,due-east,Jupiter rises due east over Giza
15,Jupiter-Saturn,conjunction,Jupiter and Saturn conjunct — a great conjunction
18,Jupiter,due-east,Jupiter rises due east over Giza
23,Saturn,due-east,Saturn rises due east over Giza
24,Jupiter,due-east,Jupiter rises due east over Giza
30,Jupiter,due-east,Jupiter rises due east over Giza
35,Jupiter-Saturn,conjunction,Jupiter and Saturn conjunct — a great conjunction
36,Jupiter,due-east,Jupiter rises due east over Giza
36,Uranus,due-east,Uranus rises due east over Giza
37,Saturn,due-east,Saturn rises due east over Giza
41,Jupiter,due-east,Jupiter rises due east over Giza
48,Jupiter,due-east,Jupiter rises due east over Giza
49,Neptune,due-east,Neptune rises due east over Giza
52,Saturn,due-east,Saturn rises due east over Giza
53,Jupiter,due-east,Jupiter rises due east over Giza
54,Jupiter-Saturn,conjunction,Jupiter and Saturn conjunct — a great conjunction
60,Jupiter,due-east,Jupiter rises due east over Giza
65,Jupiter,due-east,Jupiter rises due east over Giza
66,Saturn,due-east,Saturn rises due east over Giza
72,Jupiter,due-east,Jupiter rises due east over Giza
75,Jupiter-Saturn,conjunction,Jupiter and Saturn conjunct — a great conjunction
77,Jupiter,due-east,Jupiter rises due east over Giza
78,Uranus,due-east,Uranus rises due east over Giza
82,Saturn,due-east,Saturn rises due east over Giza
83,Jupiter,due-east,Jupiter rises due east over Giza
89,Jupiter,due-east,Jupiter rises due east over Giza
95,Jupiter,due-east,Jupiter rises due east over Giza
95,Jupiter-Saturn,conjunction,Jupiter and Saturn conjunct — a great conjunction
96,Saturn,due-east,Saturn rises due east over Giza
101,Jupiter,due-east,Jupiter rises due east over Giza
107,Jupiter,due-east,Jupiter rises due east over Giza
111,Saturn,due-east,Saturn rises due east over Giza
113,Jupiter,due-east,Jupiter rises due east over Giza
114,Jupiter-Saturn,conjunction,Jupiter and Saturn conjunct — a great conjunction
119,Jupiter,due-east,Jupiter rises due east over Giza
120,Uranus,due-east,Uranus rises due east over Giza
124,Jupiter,due-east,Jupiter rises due east over Giza
125,Saturn,due-east,Saturn rises due east over Giza
131,Jupiter,due-east,Jupiter rises due east over Giza
132,Neptune,due-east,Neptune rises due east over Giza
134,Jupiter-Saturn,conjunction,Jupiter and Saturn conjunct — a great conjunction
136,Jupiter,due-east,Jupiter rises due east over Giza
141,Saturn,due-east,Saturn rises due east over Giza
143,Jupiter,due-east,Jupiter rises due east over Giza
148,Jupiter,due-east,Jupiter rises due east over Giza
154,Jupiter-Saturn,conjunction,Jupiter and Saturn conjunct — a great conjunction
155,Jupiter,due-east,Jupiter rises due east over Giza
155,Saturn,due-east,Saturn rises due east over Giza
160,Jupiter,due-east,Jupiter rises due east over Giza
162,Uranus,due-east,Uranus rises due east over Giza
166,Jupiter,due-east,Jupiter rises due east over Giza
170,Saturn,due-east,Saturn rises due east over Giza
172,Jupiter,due-east,Jupiter rises due east over Giza
173,Jupiter-Saturn,conjunction,Jupiter and Saturn conjunct — a great conjunction
178,Jupiter,due-east,Jupiter rises due east over Giza
184,Jupiter,due-east,Jupiter rises due east over Giza
184,Saturn,due-east,Saturn rises due east over Giza
190,Jupiter,due-east,Jupiter rises due east over Giza
194,Jupiter-Saturn,conjunction,Jupiter and Saturn conjunct — a great conjunction
196,Jupiter,due-east,Jupiter rises due east over Giza
199,Saturn,due-east,Saturn rises due east over Giza
202,Jupiter,due-east,Jupiter rises due east over Giza
204,Uranus,due-east,Uranus rises due east over Giza
208,Jupiter,due-east,Jupiter rises due east over Giza
214,Jupiter,due-east,Jupiter rises due east over Giza
214,Jupiter-Saturn,conjunction,Jupiter and Saturn conjunct — a great conjunction
214,Neptune,due-east,Neptune rises due east over Giza
214,Saturn,due-east,Saturn rises due east over Giza
219,Jupiter,due-east,Jupiter rises due east over Giza
226,Jupiter,due-east,Jupiter rises due east over Giza
229,Saturn,due-east,Saturn rises due east over Giza
231,Jupiter,due-east,Jupiter rises due east over Giza
233,Jupiter-Saturn,conjunction,Jupiter and Saturn conjunct — a great conjunction
238,Jupiter,due-east,Jupiter rises due east over Giza
243,Jupiter,due-east,Jupiter rises due east over Giza
243,Saturn,due-east,Saturn rises due east over Giza
246,Uranus,due-east,Uranus rises due east over Giza
249,Jupiter,due-east,Jupiter rises due east over Giza
253,Jupiter-Saturn,conjunction,Jupiter and Saturn conjunct — a great conjunction
255,Jupiter,due-east,Jupiter rises due east over Giza
258,Saturn,due-east,Saturn rises due east over Giza
261,Jupiter,due-east,Jupiter rises due east over Giza
267,Jupiter,due-east,Jupiter rises due east over Giza
273,Jupiter,due-east,Jupiter rises due east over Giza
273,Saturn,due-east,Saturn rises due east over Giza
274,Jupiter-Saturn,conjunction,Jupiter and Saturn conjunct — a great conjunction
279,Jupiter,due-east,Jupiter rises due east over Giza
285,Jupiter,due-east,Jupiter rises due east over Giza
288,Saturn,due-east,Saturn rises due east over Giza
288,Uranus,due-east,Uranus rises due east over Giza
291,Jupiter,due-east,Jupiter rises due east over Giza
292,Jupiter-Saturn,conjunction,Jupiter and Saturn conjunct — a great conjunction
296,Neptune,due-east,Neptune rises due east over Giza
297,Jupiter,due-east,Jupiter rises due east over Giza
302,Jupiter,due-east,Jupiter rises due east over Giza
302,Saturn,due-east,Saturn rises due east over Giza
309,Jupiter,due-east,Jupiter rises due east over Giza
313,Jupiter-Saturn,conjunction,Jupiter and Saturn conjunct — a great conjunction
314,Jupiter,due-east,Jupiter rises due east over Giza
317,Saturn,due-east,Saturn rises due east over Giza
321,Jupiter,due-east,Jupiter rises due east over Giza
326,Jupiter,due-east,Jupiter rises due east over Giza
330,Uranus,due-east,Uranus rises due east over Giza
331,Saturn,due-east,Saturn rises due east over Giza
332,Jupiter,due-east,Jupiter rises due east over Giza
333,Jupiter-Saturn,conjunction,Jupiter and Saturn conjunct — a great conjunction
338,Jupiter,due-east,Jupiter rises due east over Giza
344,Jupiter,due-east,Jupiter rises due east over Giza
347,Saturn,due-east,Saturn rises due east over Giza
350,Jupiter,due-east,Jupiter rises due east over Giza
352,Jupiter-Saturn,conjunction,Jupiter and Saturn conjunct — a great conjunction
356,Jupiter,due-east,Jupiter rises due east over Giza
361,Saturn,due-east,Saturn rises due east over Giza
362,Jupiter,due-east,Jupiter rises due east over Giza
368,Jupiter,due-east,Jupiter rises due east over Giza
372,Jupiter-Saturn,conjunction,Jupiter and Saturn conjunct — a great conjunction
372,Uranus,due-east,Uranus rises due east over Giza
374,Jupiter,due-east,Jupiter rises due east over Giza
376,Saturn,due-east,Saturn rises due east over Giza
379,Neptune,due-east,Neptune rises due east over Giza
380,Jupiter,due-east,Jupiter rises due east over Giza
385,Jupiter,due-east,Jupiter rises due east over Giza
390,Saturn,due-east,Saturn rises due east over Giza
392,Jupiter,due-east,Jupiter rises due east over Giza
393,Jupiter-Saturn,conjunction,Jupiter and Saturn conjunct — a great conjunction
397,Jupiter,due-east,Jupiter rises due east over Giza
404,Jupiter,due-east,Jupiter rises due east over Giza
406,Saturn,due-east,Saturn rises due east over Giza
409,Jupiter,due-east,Jupiter rises due east over Giza
412,Jupiter-Saturn,conjunction,Jupiter and Saturn conjunct — a great conjunction
414,Uranus,due-east,Uranus rises due east over Giza
416,Jupiter,due-east,Jupiter rises due east over Giza
420,Saturn,due-east,Saturn rises due east over Giza
421,Jupiter,due-east,Jupiter rises due east over Giza
427,Jupiter,due-east,Jupiter rises due east over Giza
432,Jupiter-Saturn,conjunction,Jupiter and Saturn conjunct — a great conjunction
433,Jupiter,due-east,Jupiter rises due east over Giza
435,Saturn,due-east,Saturn rises due east over Giza
439,Jupiter,due-east,Jupiter rises due east over Giza
445,Jupiter,due-east,Jupiter rises due east over Giza
449,Saturn,due-east,Saturn rises due east over Giza
451,Jupiter,due-east,Jupiter rises due east over Giza
452,Jupiter-Saturn,conjunction,Jupiter and Saturn conjunct — a great conjunction
456,Uranus,due-east,Uranus rises due east over Giza
457,Jupiter,due-east,Jupiter rises due east over Giza
461,Neptune,due-east,Neptune rises due east over Giza
463,Jupiter,due-east,Jupiter rises due east over Giza
465,Saturn,due-east,Saturn rises due east over Giza
468,Jupiter,due-east,Jupiter rises due east over Giza
471,Jupiter-Saturn,conjunction,Jupiter and Saturn conjunct — a great conjunction
475,Jupiter,due-east,Jupiter rises due east over Giza
479,Saturn,due-east,Saturn rises due east over Giza
480,Jupiter,due-east,Jupiter rises due east over Giza
487,Jupiter,due-east,Jupiter rises due east over Giza
491,Jupiter-Saturn,conjunction,Jupiter and Saturn conjunct — a great conjunction
492,Jupiter,due-east,Jupiter rises due east over Giza
494,Saturn,due-east,Saturn rises due east over Giza
498,Uranus,due-east,Uranus rises due east over Giza
499,Jupiter,due-east,Jupiter rises due east over Giza
504,Jupiter,due-east,Jupiter rises due east over Giza
508,Saturn,due-east,Saturn rises due east over Giza
510,Jupiter,due-east,Jupiter rises due east over Giza
512,Jupiter-Saturn,conjunction,Jupiter and Saturn conjunct — a great conjunction
516,Jupiter,due-east,Jupiter rises due east over Giza
522,Jupiter,due-east,Jupiter rises due east over Giza
524,Saturn,due-east,Saturn rises due east over Giza
528,Jupiter,due-east,Jupiter rises due east over Giza
531,Jupiter-Saturn,conjunction,Jupiter and Saturn conjunct — a great conjunction
534,Jupiter,due-east,Jupiter rises due east over Giza
538,Saturn,due-east,Saturn rises due east over Giza
540,Jupiter,due-east,Jupiter rises due east over Giza
540,Uranus,due-east,Uranus rises due east over Giza
543,Neptune,due-east,Neptune rises due east over Giza
546,Jupiter,due-east,Jupiter rises due east over Giza
551,Jupiter,due-east,Jupiter rises due east over Giza
551,Jupiter-Saturn,conjunction,Jupiter and Saturn conjunct — a great conjunction
553,Saturn,due-east,Saturn rises due east over Giza
558,Jupiter,due-east,Jupiter rises due east over Giza
563,Jupiter,due-east,Jupiter rises due east over Giza
567,Saturn,due-east,Saturn rises due east over Giza
570,Jupiter,due-east,Jupiter rises due east over Giza
572,Jupiter-Saturn,conjunction,Jupiter and Saturn conjunct — a great conjunction
575,Jupiter,due-east,Jupiter rises due east over Giza
582,Jupiter,due-east,Jupiter rises due east over Giza
582,Saturn,due-east,Saturn rises due east over Giza
582,Uranus,due-east,Uranus rises due east over Giza
587,Jupiter,due-east,Jupiter rises due east over Giza
591,Jupiter-Saturn,conjunction,Jupiter and Saturn conjunct — a great conjunction
593,Jupiter,due-east,Jupiter rises due east over Giza
597,Saturn,due-east,Saturn rises due east over Giza
599,Jupiter,due-east,Jupiter rises due east over Giza
605,Jupiter,due-east,Jupiter rises due east over Giza
610,Jupiter-Saturn,conjunction,Jupiter and Saturn conjunct — a great conjunction
611,Jupiter,due-east,Jupiter rises due east over Giza
612,Saturn,due-east,Saturn rises due east over Giza
617,Jupiter,due-east,Jupiter rises due east over Giza
623,Jupiter,due-east,Jupiter rises due east over Giza
624,Uranus,due-east,Uranus rises due east over Giza
626,Neptune,due-east,Neptune rises due east over Giza
626,Saturn,due-east,Saturn rises due east over Giza
629,Jupiter,due-east,Jupiter rises due east over Giza
629,outer-planets,gathering,The four outer planets gather within 34° of sky
631,Jupiter-Saturn,conjunction,Jupiter and Saturn conjunct — a great conjunction
635,Jupiter,due-east,Jupiter rises due east over Giza
641,Jupiter,due-east,Jupiter rises due east over Giza
641,Saturn,due-east,Saturn rises due east over Giza
646,Jupiter,due-east,Jupiter rises due east over Giza
650,Jupiter-Saturn,conjunction,Jupiter and Saturn conjunct — a great conjunction
653,Jupiter,due-east,Jupiter rises due east over Giza
655,Saturn,due-east,Saturn rises due east over Giza
658,Jupiter,due-east,Jupiter rises due east over Giza
665,Jupiter,due-east,Jupiter rises due east over Giza
666,Uranus,due-east,Uranus rises due east over Giza
670,Jupiter,due-east,Jupiter rises due east over Giza
670,Jupiter-Saturn,conjunction,Jupiter and Saturn conjunct — a great conjunction
671,Saturn,due-east,Saturn rises due east over Giza
676,Jupiter,due-east,Jupiter rises due east over Giza
682,Jupiter,due-east,Jupiter rises due east over Giza
685,Saturn,due-east,Saturn rises due east over Giza
688,Jupiter,due-east,Jupiter rises due east over Giza
691,Jupiter-Saturn,conjunction,Jupiter and Saturn conjunct — a great conjunction
694,Jupiter,due-east,Jupiter rises due east over Giza
700,Jupiter,due-east,Jupiter rises due east over Giza
700,Saturn,due-east,Saturn rises due east over Giza
706,Jupiter,due-east,Jupiter rises due east over Giza
708,Neptune,due-east,Neptune rises due east over Giza
709,Uranus,due-east,Uranus rises due east over Giza
710,Jupiter-Saturn,conjunction,Jupiter and Saturn conjunct — a great conjunction
712,Jupiter,due-east,Jupiter rises due east over Giza
714,Saturn,due-east,Saturn rises due east over Giza
718,Jupiter,due-east,Jupiter rises due east over Giza
724,Jupiter,due-east,Jupiter rises due east over Giza
729,Jupiter,due-east,Jupiter rises due east over Giza
729,Jupiter-Saturn,conjunction,Jupiter and Saturn conjunct — a great conjunction
730,Saturn,due-east,Saturn rises due east over Giza
736,Jupiter,due-east,Jupiter rises due east over Giza
741,Jupiter,due-east,Jupiter rises due east over Giza
744,Saturn,due-east,Saturn rises due east over Giza
748,Jupiter,due-east,Jupiter rises due east over Giza
750,Jupiter-Saturn,conjunction,Jupiter and Saturn conjunct — a great conjunction
750,Uranus,due-east,Uranus rises due east over Giza
753,Jupiter,due-east,Jupiter rises due east over Giza
759,Jupiter,due-east,Jupiter rises due east over Giza
759,Saturn,due-east,Saturn rises due east over Giza
765,Jupiter,due-east,Jupiter rises due east over Giza
769,Jupiter-Saturn,conjunction,Jupiter and Saturn conjunct — a great conjunction
771,Jupiter,due-east,Jupiter rises due east over Giza
773,Saturn,due-east,Saturn rises due east over Giza
777,Jupiter,due-east,Jupiter rises due east over Giza
783,Jupiter,due-east,Jupiter rises due east over Giza
789,Jupiter,due-east,Jupiter rises due east over Giza
789,Jupiter-Saturn,conjunction,Jupiter and Saturn conjunct — a great conjunction
789,Saturn,due-east,Saturn rises due east over Giza
790,Neptune,due-east,Neptune rises due east over Giza
793,Uranus,due-east,Uranus rises due east over Giza
795,Jupiter,due-east,Jupiter rises due east over Giza
801,Jupiter,due-east,Jupiter rises due east over Giza
803,Saturn,due-east,Saturn rises due east over Giza
807,Jupiter,due-east,Jupiter rises due east over Giza
808,outer-planets,gathering,The four outer planets gather within 31° of sky
810,Jupiter-Saturn,conjunction,Jupiter and Saturn conjunct — a great conjunction
812,Jupiter,due-east,Jupiter rises due east over Giza
818,Saturn,due-east,Saturn rises due east over Giza
819,Jupiter,due-east,Jupiter rises due east over Giza
824,Jupiter,due-east,Jupiter rises due east over Giza
829,Jupiter-Saturn,conjunction,Jupiter and Saturn conjunct — a great conjunction
831,Jupiter,due-east,Jupiter rises due east over Giza
832,Saturn,due-east,Saturn rises due east over Giza
834,Uranus,due-east,Uranus rises due east over Giza
836,Jupiter,due-east,Jupiter rises due east over Giza
843,Jupiter,due-east,Jupiter rises due east over Giza
848,Jupiter,due-east,Jupiter rises due east over Giza
848,Jupiter-Saturn,conjunction,Jupiter and Saturn conjunct — a great conjunction
848,Saturn,due-east,Saturn rises due east over Giza
854,Jupiter,due-east,Jupiter rises due east over Giza
860,Jupiter,due-east,Jupiter rises due east over Giza
862,Saturn,due-east,Saturn rises due east over Giza
866,Jupiter,due-east,Jupiter rises due east over Giza
869,Jupiter-Saturn,conjunction,Jupiter and Saturn conjunct — a great conjunction
872,Jupiter,due-east,Jupiter rises due east over Giza
873,Neptune,due-east,Neptune rises due east over Giza
877,Saturn,due-east,Saturn rises due east over Giza
877,Uranus,due-east,Uranus rises due east over Giza
878,Jupiter,due-east,Jupiter rises due east over Giza
884,Jupiter,due-east,Jupiter rises due east over Giza
889,Jupiter-Saturn,conjunction,Jupiter and Saturn conjunct — a great conjunction
890,Jupiter,due-east,Jupiter rises due east over Giza
891,Saturn,due-east,Saturn rises due east over Giza
895,Jupiter,due-east,Jupiter rises due east over Giza
902,Jupiter,due-east,Jupiter rises due east over Giza
907,Jupiter,due-east,Jupiter rises due east over Giza
907,Saturn,due-east,Saturn rises due east over Giza
908,Jupiter-Saturn,conjunction,Jupiter and Saturn conjunct — a great conjunction
914,Jupiter,due-east,Jupiter rises due east over Giza
918,Uranus,due-east,Uranus rises due east over Giza
919,Jupiter,due-east,Jupiter rises due east over Giza
921,Saturn,due-east,Saturn rises due east over Giza
926,Jupiter,due-east,Jupiter rises due east over Giza
929,Jupiter-Saturn,conjunction,Jupiter and Saturn conjunct — a great conjunction
931,Jupiter,due-east,Jupiter rises due east over Giza
936,Saturn,due-east,Saturn rises due east over Giza
937,Jupiter,due-east,Jupiter rises due east over Giza
943,Jupiter,due-east,Jupiter rises due east over Giza
949,Jupiter,due-east,Jupiter rises due east over Giza
949,Jupiter-Saturn,conjunction,Jupiter and Saturn conjunct — a great conjunction
950,Saturn,due-east,Saturn rises due east over Giza
955,Jupiter,due-east,Jupiter rises due east over Giza
955,Neptune,due-east,Neptune rises due east over Giza
961,Jupiter,due-east,Jupiter rises due east over Giza
961,Uranus,due-east,Uranus rises due east over Giza
965,Saturn,due-east,Saturn rises due east over Giza
967,Jupiter,due-east,Jupiter rises due east over Giza
967,Jupiter-Saturn,conjunction,Jupiter and Saturn conjunct — a great conjunction
973,Jupiter,due-east,Jupiter rises due east over Giza
979,Jupiter,due-east,Jupiter rises due east over Giza
980,Saturn,due-east,Saturn rises due east over Giza
985,Jupiter,due-east,Jupiter rises due east over Giza
988,Jupiter-Saturn,conjunction,Jupiter and Saturn conjunct — a great conjunction
990,Jupiter,due-east,Jupiter rises due east over Giza
995,Saturn,due-east,Saturn rises due east over Giza
997,Jupiter,due-east,Jupiter rises due east over Giza
1002,Jupiter,due-east,Jupiter rises due east over Giza
1003,Uranus,due-east,Uranus rises due east over Giza
1008,Jupiter-Saturn,conjunction,Jupiter and Saturn conjunct — a great conjunction
1009,Jupiter,due-east,Jupiter rises due east over Giza
1009,Saturn,due-east,Saturn rises due east over Giza
1014,Jupiter,due-east,Jupiter rises due east over Giza
1020,Jupiter,due-east,Jupiter rises due east over Giza
1024,Saturn,due-east,Saturn rises due east over Giza
1026,Jupiter,due-east,Jupiter rises due east over Giza
1027,Jupiter-Saturn,conjunction,Jupiter and Saturn conjunct — a great conjunction
1032,Jupiter,due-east,Jupiter rises due east over Giza
1038,Jupiter,due-east,Jupiter rises due east over Giza
1038,Neptune,due-east,Neptune rises due east over Giza
1038,Saturn,due-east,Saturn rises due east over Giza
1044,Jupiter,due-east,Jupiter rises due east over Giza
1045,Uranus,due-east,Uranus rises due east over Giza
1048,Jupiter-Saturn,conjunction,Jupiter and Saturn conjunct — a great conjunction
1050,Jupiter,due-east,Jupiter rises due east over Giza
1054,Saturn,due-east,Saturn rises due east over Giza
1056,Jupiter,due-east,Jupiter rises due east over Giza
1062,Jupiter,due-east,Jupiter rises due east over Giza
1068,Jupiter,due-east,Jupiter rises due east over Giza
1068,Jupiter-Saturn,conjunction,Jupiter and Saturn conjunct — a great conjunction
1068,Saturn,due-east,Saturn rises due east over Giza
1073,Jupiter,due-east,Jupiter rises due east over Giza
1080,Jupiter,due-east,Jupiter rises due east over Giza
1083,Saturn,due-east,Saturn rises due east over Giza
1085,Jupiter,due-east,Jupiter rises due east over Giza
1087,Jupiter-Saturn,conjunction,Jupiter and Saturn conjunct — a great conjunction
1087,Uranus,due-east,Uranus rises due east over Giza
1092,Jupiter,due-east,Jupiter rises due east over Giza
1097,Jupiter,due-east,Jupiter rises due east over Giza
1097,Saturn,due-east,Saturn rises due east over Giza
1103,Jupiter,due-east,Jupiter rises due east over Giza
1107,Jupiter-Saturn,conjunction,Jupiter and Saturn conjunct — a great conjunction
1109,Jupiter,due-east,Jupiter rises due east over Giza
1113,Saturn,due-east,Saturn rises due east over Giza
1115,Jupiter,due-east,Jupiter rises due east over Giza
1120,Neptune,due-east,Neptune rises due east over Giza
1121,Jupiter,due-east,Jupiter rises due east over Giza
1127,Jupiter,due-east,Jupiter rises due east over Giza
1127,Saturn,due-east,Saturn rises due east over Giza
1127,outer-planets,gathering,The four outer planets gather within 24° of sky
1128,Jupiter-Saturn,conjunction,Jupiter and Saturn conjunct — a great conjunction
1129,Uranus,due-east,Uranus rises due east over Giza
1133,Jupiter,due-east,Jupiter rises due east over Giza
1139,Jupiter,due-east,Jupiter rises due east over Giza
1142,Saturn,due-east,Saturn rises due east over Giza
1145,Jupiter,due-east,Jupiter rises due east over Giza
1146,Jupiter-Saturn,conjunction,Jupiter and Saturn conjunct — a great conjunction
1151,Jupiter,due-east,Jupiter rises due east over Giza
1156,Jupiter,due-east,Jupiter rises due east over Giza
1156,Saturn,due-east,Saturn rises due east over Giza
1163,Jupiter,due-east,Jupiter rises due east over Giza
1167,Jupiter-Saturn,conjunction,Jupiter and Saturn conjunct — a great conjunction
1168,Jupiter,due-east,Jupiter rises due east over Giza
1171,Uranus,due-east,Uranus rises due east over Giza
1172,Saturn,due-east,Saturn rises due east over Giza
1175,Jupiter,due-east,Jupiter rises due east over Giza
1180,Jupiter,due-east,Jupiter rises due east over Giza
1186,Saturn,due-east,Saturn rises due east over Giza
1187,Jupiter,due-east,Jupiter rises due east over Giza
1187,Jupiter-Saturn,conjunction,Jupiter and Saturn conjunct — a great conjunction
1192,Jupiter,due-east,Jupiter rises due east over Giza
1198,Jupiter,due-east,Jupiter rises due east over Giza
1201,Saturn,due-east,Saturn rises due east over Giza
1202,Neptune,due-east,Neptune rises due east over Giza
1204,Jupiter,due-east,Jupiter rises due east over Giza
1206,Jupiter-Saturn,conjunction,Jupiter and Saturn conjunct — a great conjunction
1210,Jupiter,due-east,Jupiter rises due east over Giza
1213,Uranus,due-east,Uranus rises due east over Giza
1215,Saturn,due-east,Saturn rises due east over Giza
1216,Jupiter,due-east,Jupiter rises due east over Giza
1222,Jupiter,due-east,Jupiter rises due east over Giza
1226,Jupiter-Saturn,conjunction,Jupiter and Saturn conjunct — a great conjunction
1228,Jupiter,due-east,Jupiter rises due east over Giza
1230,Saturn,due-east,Saturn rises due east over Giza
1234,Jupiter,due-east,Jupiter rises due east over Giza
1239,Jupiter,due-east,Jupiter rises due east over Giza
1245,Saturn,due-east,Saturn rises due east over Giza
1246,Jupiter,due-east,Jupiter rises due east over Giza
1247,Jupiter-Saturn,conjunction,Jupiter and Saturn conjunct — a great conjunction
1251,Jupiter,due-east,Jupiter rises due east over Giza
1255,Uranus,due-east,Uranus rises due east over Giza
1258,Jupiter,due-east,Jupiter rises due east over Giza
1260,Saturn,due-east,Saturn rises due east over Giza
1263,Jupiter,due-east,Jupiter rises due east over Giza
1266,Jupiter-Saturn,conjunction,Jupiter and Saturn conjunct — a great conjunction
1270,Jupiter,due-east,Jupiter rises due east over Giza
1274,Saturn,due-east,Saturn rises due east over Giza
1275,Jupiter,due-east,Jupiter rises due east over Giza
1281,Jupiter,due-east,Jupiter rises due east over Giza
1285,Neptune,due-east,Neptune rises due east over Giza
1286,Jupiter-Saturn,conjunction,Jupiter and Saturn conjunct — a great conjunction
1287,Jupiter,due-east,Jupiter rises due east over Giza
1289,Saturn,due-east,Saturn rises due east over Giza
1293,Jupiter,due-east,Jupiter rises due east over Giza
1297,Uranus,due-east,Uranus rises due east over Giza
1299,Jupiter,due-east,Jupiter rises due east over Giza
1303,Saturn,due-east,Saturn rises due east over Giza
1305,Jupiter,due-east,Jupiter rises due east over Giza
1306,Jupiter-Saturn,conjunction,Jupiter and Saturn conjunct — a great conjunction
1306,outer-planets,gathering,The four outer planets gather within 10° of sky
1311,Jupiter,due-east,Jupiter rises due east over Giza
1317,Jupiter,due-east,Jupiter rises due east over Giza
1319,Saturn,due-east,Saturn rises due east over Giza
1323,Jupiter,due-east,Jupiter rises due east over Giza
1325,Jupiter-Saturn,conjunction,Jupiter and Saturn conjunct — a great conjunction
1329,Jupiter,due-east,Jupiter rises due east over Giza
1333,Saturn,due-east,Saturn rises due east over Giza
1334,Jupiter,due-east,Jupiter rises due east over Giza
1339,Uranus,due-east,Uranus rises due east over Giza
1341,Jupiter,due-east,Jupiter rises due east over Giza
1345,Jupiter-Saturn,conjunction,Jupiter and Saturn conjunct — a great conjunction
1346,Jupiter,due-east,Jupiter rises due east over Giza
1348,Saturn,due-east,Saturn rises due east over Giza
1353,Jupiter,due-east,Jupiter rises due east over Giza
1358,Jupiter,due-east,Jupiter rises due east over Giza
1362,Saturn,due-east,Saturn rises due east over Giza
1364,Jupiter,due-east,Jupiter rises due east over Giza
1366,Jupiter-Saturn,conjunction,Jupiter and Saturn conjunct — a great conjunction
1367,Neptune,due-east,Neptune rises due east over Giza
1370,Jupiter,due-east,Jupiter rises due east over Giza
1376,Jupiter,due-east,Jupiter rises due east over Giza
1378,Saturn,due-east,Saturn rises due east over Giza
1381,Uranus,due-east,Uranus rises due east over Giza
1382,Jupiter,due-east,Jupiter rises due east over Giza
1385,Jupiter-Saturn,conjunction,Jupiter and Saturn conjunct — a great conjunction
1388,Jupiter,due-east,Jupiter rises due east over Giza
1392,Saturn,due-east,Saturn rises due east over Giza
1394,Jupiter,due-east,Jupiter rises due east over Giza
1400,Jupiter,due-east,Jupiter rises due east over Giza
1405,Jupiter-Saturn,conjunction,Jupiter and Saturn conjunct — a great conjunction
1406,Jupiter,due-east,Jupiter rises due east over Giza
1407,Saturn,due-east,Saturn rises due east over Giza
1412,Jupiter,due-east,Jupiter rises due east over Giza
1417,Jupiter,due-east,Jupiter rises due east over Giza
1421,Saturn,due-east,Saturn rises due east over Giza
1423,Uranus,due-east,Uranus rises due east over Giza
1424,Jupiter,due-east,Jupiter rises due east over Giza
1425,Jupiter-Saturn,conjunction,Jupiter and Saturn conjunct — a great conjunction
1429,Jupiter,due-east,Jupiter rises due east over Giza
1436,Jupiter,due-east,Jupiter rises due east over Giza
1437,Saturn,due-east,Saturn rises due east over Giza
1441,Jupiter,due-east,Jupiter rises due east over Giza
1444,Jupiter-Saturn,conjunction,Jupiter and Saturn conjunct — a great conjunction
1447,Jupiter,due-east,Jupiter rises due east over Giza
1449,Neptune,due-east,Neptune rises due east over Giza
1451,Saturn,due-east,Saturn rises due east over Giza
1453,Jupiter,due-east,Jupiter rises due east over Giza
1459,Jupiter,due-east,Jupiter rises due east over Giza
1464,Jupiter-Saturn,conjunction,Jupiter and Saturn conjunct — a great conjunction
1465,Jupiter,due-east,Jupiter rises due east over Giza
1465,Uranus,due-east,Uranus rises due east over Giza
1466,Saturn,due-east,Saturn rises due east over Giza
1471,Jupiter,due-east,Jupiter rises due east over Giza
1477,Jupiter,due-east,Jupiter rises due east over Giza
1480,Saturn,due-east,Saturn rises due east over Giza
1483,Jupiter,due-east,Jupiter rises due east over Giza
1485,Jupiter-Saturn,conjunction,Jupiter and Saturn conjunct — a great conjunction
1486,outer-planets,gathering,The four outer planets gather within 22° of sky
1489,Jupiter,due-east,Jupiter rises due east over Giza
1495,Jupiter,due-east,Jupiter rises due east over Giza
1496,Saturn,due-east,Saturn rises due east over Giza
1500,Jupiter,due-east,Jupiter rises due east over Giza
1504,Jupiter-Saturn,conjunction,Jupiter and Saturn conjunct — a great conjunction
1507,Jupiter,due-east,Jupiter rises due east over Giza
1507,Uranus,due-east,Uranus rises due east over Giza
1510,Saturn,due-east,Saturn rises due east over Giza
1512,Jupiter,due-east,Jupiter rises due east over Giza
1519,Jupiter,due-east,Jupiter rises due east over Giza
1524,Jupiter,due-east,Jupiter rises due east over Giza
1524,Jupiter-Saturn,conjunction,Jupiter and Saturn conjunct — a great conjunction
1525,Saturn,due-east,Saturn rises due east over Giza
1531,Jupiter,due-east,Jupiter rises due east over Giza
1532,Neptune,due-east,Neptune rises due east over Giza
1536,Jupiter,due-east,Jupiter rises due east over Giza
1539,Saturn,due-east,Saturn rises due east over Giza
1542,Jupiter,due-east,Jupiter rises due east over Giza
1545,Jupiter-Saturn,conjunction,Jupiter and Saturn conjunct — a great conjunction
1548,Jupiter,due-east,Jupiter rises due east over Giza
1549,Uranus,due-east,Uranus rises due east over Giza
1554,Jupiter,due-east,Jupiter rises due east over Giza
1555,Saturn,due-east,Saturn rises due east over Giza
1560,Jupiter,due-east,Jupiter rises due east over Giza
1564,Jupiter-Saturn,conjunction,Jupiter and Saturn conjunct — a great conjunction
1566,Jupiter,due-east,Jupiter rises due east over Giza
1569,Saturn,due-east,Saturn rises due east over Giza
1572,Jupiter,due-east,Jupiter rises due east over Giza
1578,Jupiter,due-east,Jupiter rises due east over Giza
1583,Jupiter,due-east,Jupiter rises due east over Giza
1583,Jupiter-Saturn,conjunction,Jupiter and Saturn conjunct — a great conjunction
1584,Saturn,due-east,Saturn rises due east over Giza
1590,Jupiter,due-east,Jupiter rises due east over Giza
1591,Uranus,due-east,Uranus rises due east over Giza
1595,Jupiter,due-east,Jupiter rises due east over Giza
1598,Saturn,due-east,Saturn rises due east over Giza
1602,Jupiter,due-east,Jupiter rises due east over Giza
1604,Jupiter-Saturn,conjunction,Jupiter and Saturn conjunct — a great conjunction
1607,Jupiter,due-east,Jupiter rises due east over Giza
1613,Saturn,due-east,Saturn rises due east over Giza
1614,Jupiter,due-east,Jupiter rises due east over Giza
1614,Neptune,due-east,Neptune rises due east over Giza
1619,Jupiter,due-east,Jupiter rises due east over Giza
1623,Jupiter-Saturn,conjunction,Jupiter and Saturn conjunct — a great conjunction
1625,Jupiter,due-east,Jupiter rises due east over Giza
1628,Saturn,due-east,Saturn rises due east over Giza
1631,Jupiter,due-east,Jupiter rises due east over Giza
1633,Uranus,due-east,Uranus rises due east over Giza
1637,Jupiter,due-east,Jupiter rises due east over Giza
1643,Jupiter,due-east,Jupiter rises due east over Giza
1643,Jupiter-Saturn,conjunction,Jupiter and Saturn conjunct — a great conjunction
1643,Saturn,due-east,Saturn rises due east over Giza
1649,Jupiter,due-east,Jupiter rises due east over Giza
1655,Jupiter,due-east,Jupiter rises due east over Giza
1657,Saturn,due-east,Saturn rises due east over Giza
1661,Jupiter,due-east,Jupiter rises due east over Giza
1664,Jupiter-Saturn,conjunction,Jupiter and Saturn conjunct — a great conjunction
1667,Jupiter,due-east,Jupiter rises due east over Giza
1672,Saturn,due-east,Saturn rises due east over Giza
1673,Jupiter,due-east,Jupiter rises due east over Giza
1675,Uranus,due-east,Uranus rises due east over Giza
1678,Jupiter,due-east,Jupiter rises due east over Giza
1683,Jupiter-Saturn,conjunction,Jupiter and Saturn conjunct — a great conjunction
1685,Jupiter,due-east,Jupiter rises due east over Giza
1687,Saturn,due-east,Saturn rises due east over Giza
1690,Jupiter,due-east,Jupiter rises due east over Giza
1697,Jupiter,due-east,Jupiter rises due east over Giza
1697,Neptune,due-east,Neptune rises due east over Giza
1702,Jupiter,due-east,Jupiter rises due east over Giza
1702,Jupiter-Saturn,conjunction,Jupiter and Saturn conjunct — a great conjunction
1702,Saturn,due-east,Saturn rises due east over Giza
1708,Jupiter,due-east,Jupiter rises due east over Giza
1714,Jupiter,due-east,Jupiter rises due east over Giza
1716,Saturn,due-east,Saturn rises due east over Giza
1717,Uranus,due-east,Uranus rises due east over Giza
1720,Jupiter,due-east,Jupiter rises due east over Giza
1723,Jupiter-Saturn,conjunction,Jupiter and Saturn conjunct — a great conjunction
1726,Jupiter,due-east,Jupiter rises due east over Giza
1731,Saturn,due-east,Saturn rises due east over Giza
1732,Jupiter,due-east,Jupiter rises due east over Giza
1738,Jupiter,due-east,Jupiter rises due east over Giza
1743,Jupiter-Saturn,conjunction,Jupiter and Saturn conjunct — a great conjunction
1744,Jupiter,due-east,Jupiter rises due east over Giza
1746,Saturn,due-east,Saturn rises due east over Giza
1750,Jupiter,due-east,Jupiter rises due east over Giza
1756,Jupiter,due-east,Jupiter rises due east over Giza
1759,Uranus,due-east,Uranus rises due east over Giza
1761,Jupiter,due-east,Jupiter rises due east over Giza
1761,Saturn,due-east,Saturn rises due east over Giza
1762,Jupiter-Saturn,conjunction,Jupiter and Saturn conjunct — a great conjunction
1768,Jupiter,due-east,Jupiter rises due east over Giza
1773,Jupiter,due-east,Jupiter rises due east over Giza
1775,Saturn,due-east,Saturn rises due east over Giza
1779,Neptune,due-east,Neptune rises due east over Giza
1780,Jupiter,due-east,Jupiter rises due east over Giza
1783,Jupiter-Saturn,conjunction,Jupiter and Saturn conjunct — a great conjunction
1785,Jupiter,due-east,Jupiter rises due east over Giza
1790,Saturn,due-east,Saturn rises due east over Giza
1791,Jupiter,due-east,Jupiter rises due east over Giza
1797,Jupiter,due-east,Jupiter rises due east over Giza
1801,Uranus,due-east,Uranus rises due east over Giza
1802,Jupiter-Saturn,conjunction,Jupiter and Saturn conjunct — a great conjunction
1803,Jupiter,due-east,Jupiter rises due east over Giza
1804,Saturn,due-east,Saturn rises due east over Giza
1809,Jupiter,due-east,Jupiter rises due east over Giza
1815,Jupiter,due-east,Jupiter rises due east over Giza
1820,Saturn,due-east,Saturn rises due east over Giza
1821,Jupiter,due-east,Jupiter rises due east over Giza
1821,Jupiter-Saturn,conjunction,Jupiter and Saturn conjunct — a great conjunction
1827,Jupiter,due-east,Jupiter rises due east over Giza
1833,Jupiter,due-east,Jupiter rises due east over Giza
1834,Saturn,due-east,Saturn rises due east over Giza
1839,Jupiter,due-east,Jupiter rises due east over Giza
1842,Jupiter-Saturn,conjunction,Jupiter and Saturn conjunct — a great conjunction
1843,Uranus,due-east,Uranus rises due east over Giza
1844,Jupiter,due-east,Jupiter rises due east over Giza
1849,Saturn,due-east,Saturn rises due east over Giza
1851,Jupiter,due-east,Jupiter rises due east over Giza
1856,Jupiter,due-east,Jupiter rises due east over Giza
1861,Neptune,due-east,Neptune rises due east over Giza
1862,Jupiter-Saturn,conjunction,Jupiter and Saturn conjunct — a great conjunction
1863,Jupiter,due-east,Jupiter rises due east over Giza
1863,Saturn,due-east,Saturn rises due east over Giza
1868,Jupiter,due-east,Jupiter rises due east over Giza
1874,Jupiter,due-east,Jupiter rises due east over Giza
1879,Saturn,due-east,Saturn rises due east over Giza
1880,Jupiter,due-east,Jupiter rises due east over Giza
1881,Jupiter-Saturn,conjunction,Jupiter and Saturn conjunct — a great conjunction
1885,Uranus,due-east,Uranus rises due east over Giza
1886,Jupiter,due-east,Jupiter rises due east over Giza
1892,Jupiter,due-east,Jupiter rises due east over Giza
1893,Saturn,due-east,Saturn rises due east over Giza
1898,Jupiter,due-east,Jupiter rises due east over Giza
1902,Jupiter-Saturn,conjunction,Jupiter and Saturn conjunct — a great conjunction
1904,Jupiter,due-east,Jupiter rises due east over Giza
1908,Saturn,due-east,Saturn rises due east over Giza
1910,Jupiter,due-east,Jupiter rises due east over Giza
1916,Jupiter,due-east,Jupiter rises due east over Giza
1922,Jupiter,due-east,Jupiter rises due east over Giza
1922,Jupiter-Saturn,conjunction,Jupiter and Saturn conjunct — a great conjunction
1922,Saturn,due-east,Saturn rises due east over Giza
1927,Jupiter,due-east,Jupiter rises due east over Giza
1927,Uranus,due-east,Uranus rises due east over Giza
1934,Jupiter,due-east,Jupiter rises due east over Giza
1937,Saturn,due-east,Saturn rises due east over Giza
1939,Jupiter,due-east,Jupiter rises due east over Giza
1941,Jupiter-Saturn,conjunction,Jupiter and Saturn conjunct — a great conjunction
1944,Neptune,due-east,Neptune rises due east over Giza
1946,Jupiter,due-east,Jupiter rises due east over Giza
1951,Jupiter,due-east,Jupiter rises due east over Giza
1952,Saturn,due-east,Saturn rises due east over Giza
1958,Jupiter,due-east,Jupiter rises due east over Giza
1961,Jupiter-Saturn,conjunction,Jupiter and Saturn conjunct — a great conjunction
1963,Jupiter,due-east,Jupiter rises due east over Giza
1967,Saturn,due-east,Saturn rises due east over Giza
1969,Jupiter,due-east,Jupiter rises due east over Giza
1969,Uranus,due-east,Uranus rises due east over Giza
1975,Jupiter,due-east,Jupiter rises due east over Giza
1981,Jupiter,due-east,Jupiter rises due east over Giza
1981,Jupiter-Saturn,conjunction,Jupiter and Saturn conjunct — a great conjunction
1981,Saturn,due-east,Saturn rises due east over Giza
1987,Jupiter,due-east,Jupiter rises due east over Giza
1993,Jupiter,due-east,Jupiter rises due east over Giza
1996,Saturn,due-east,Saturn rises due east over Giza
1999,Jupiter,due-east,Jupiter rises due east over Giza
2000,Jupiter-Saturn,conjunction,Jupiter and Saturn conjunct — a great conjunction
2005,Jupiter,due-east,Jupiter rises due east over Giza
2011,Jupiter,due-east,Jupiter rises due east over Giza
2011,Saturn,due-east,Saturn rises due east over Giza
2011,Uranus,due-east,Uranus rises due east over Giza
2017,Jupiter,due-east,Jupiter rises due east over Giza
2021,Jupiter-Saturn,conjunction,Jupiter and Saturn conjunct — a great conjunction
2022,Jupiter,due-east,Jupiter rises due east over Giza
2026,Neptune,due-east,Neptune rises due east over Giza
2026,Saturn,due-east,Saturn rises due east over Giza
