key,name,kind,tier,lat,lon,from,until,locations,km,uri,why
pl-912932,Sella/Silhu (river),river,wash,32.50000,46.50000,-330,640,0,0.0,https://pleiades.stoa.org/places/912932,
pl-912806,Apamea,settlement,pin,32.29118,46.30231,-330,640,0,29.7,https://pleiades.stoa.org/places/912806,
pl-912880,Kas(h)kar,"settlement, settlement-modern",pin,32.46054,46.08227,-30,2099,0,39.4,https://pleiades.stoa.org/places/912880,
pl-108542249,Pašime,settlement,pin,32.39389,47.14783,-6500,2100,0,61.8,https://pleiades.stoa.org/places/108542249,
pl-625383494,Tapah Farukhābād,archaeological-site,pin,32.58730,47.22460,1700,2100,0,68.5,https://pleiades.stoa.org/places/625383494,
pl-116472961,Tell Farukhabad,tell,pin,32.58333,47.23333,-6200,640,0,69.3,https://pleiades.stoa.org/places/116472961,
pl-912811,Archous (river),river,pin,32.03017,45.99917,-330,2100,0,70.1,https://pleiades.stoa.org/places/912811,
pl-698215287,Tulul al-Baqarat,"findspot, archaeological-site",pin,32.33694,45.72292,1700,2100,0,75.0,https://pleiades.stoa.org/places/698215287,
pl-903070,Kushk Khainfar,temple,pin,33.18907,46.51547,300,640,0,76.5,https://pleiades.stoa.org/places/903070,
pl-39082013,Tapah Gārān,"findspot, archaeological-site",pin,32.58020,47.33754,1700,2100,0,78.9,https://pleiades.stoa.org/places/39082013,
pl-300386562,Tapah Mūsiyān,"findspot, archaeological-site",pin,32.55294,47.35106,1700,2100,0,79.9,https://pleiades.stoa.org/places/300386562,
pl-894129,Tell Bismaya,settlement,pin,32.40930,45.65098,-330,640,0,80.1,https://pleiades.stoa.org/places/894129,
pl-762762282,Tell Wilaya,"settlement, archaeological-site",pin,32.31260,45.66027,-3000,2100,0,81.3,https://pleiades.stoa.org/places/762762282,
pl-903083,Mihragan Kadag (region),"region, label",pin,32.71645,47.35932,-30,640,0,84.0,https://pleiades.stoa.org/places/903083,
pl-667048536,Edimgalkalama,"unlocated, temple-2",wash,33.10945,45.94788,-3000,-540,0,85.1,https://pleiades.stoa.org/places/667048536,
pl-912949,Tell Abu Khay,settlement,pin,32.30793,45.61198,-750,640,0,85.8,https://pleiades.stoa.org/places/912949,
pl-903076,Maimeh,temple,pin,33.17542,46.94550,300,640,0,85.8,https://pleiades.stoa.org/places/903076,
pl-903013,Deru/Beth Daraya/[Badra],"settlement, archaeological-site",pin,33.11928,45.93733,-750,2100,0,86.6,https://pleiades.stoa.org/places/903013,
pl-300354629,ʿAfak,settlement,wash,32.50000,45.50000,1918,2000,0,93.6,https://pleiades.stoa.org/places/300354629,
pl-890432543,Nippur Survey,settlement,wash,32.50000,45.50000,-2335,-2000,0,93.6,https://pleiades.stoa.org/places/890432543,
pl-893925,A221,unknown,wash,32.50000,45.50000,-30,640,0,93.6,https://pleiades.stoa.org/places/893925,
pl-893926,A262,unknown,wash,32.50000,45.50000,-330,640,0,93.6,https://pleiades.stoa.org/places/893926,
pl-912954,Tell Dhahiya,settlement,pin,32.07347,45.63127,-30,640,0,94.1,https://pleiades.stoa.org/places/912954,
pl-912966,Tulul Abu Fatas,settlement,pin,31.97366,45.69461,-750,300,0,95.4,https://pleiades.stoa.org/places/912966,
pl-903097,Pusht-i Arisht,temple,pin,33.29144,46.95232,300,640,0,97.5,https://pleiades.stoa.org/places/903097,
pl-912981,U1436,settlement,pin,31.95959,45.66966,-30,640,0,98.2,https://pleiades.stoa.org/places/912981,
pl-912960,Tell Mirza,settlement,pin,32.11173,45.55156,-30,640,0,98.7,https://pleiades.stoa.org/places/912960,
pl-903143,War Pil,temple,pin,33.38813,46.57006,300,640,0,98.8,https://pleiades.stoa.org/places/903143,
pl-912979,"U1213, 1214",settlement,pin,32.08211,45.54176,-30,640,0,101.0,https://pleiades.stoa.org/places/912979,
pl-894053,[Nu'maniya],settlement,pin,32.55084,45.41412,300,640,0,101.8,https://pleiades.stoa.org/places/894053,
pl-787747618,Adab,"settlement, archaeological-site",pin,31.95090,45.62334,-4000,2100,0,102.2,https://pleiades.stoa.org/places/787747618,
pl-921099766,Zabala,"findspot, settlement, archaeological-site",pin,31.74339,45.87693,-3000,2100,0,102.3,https://pleiades.stoa.org/places/921099766,
pl-912980,U1310,settlement,pin,32.00373,45.57625,-30,640,0,102.5,https://pleiades.stoa.org/places/912980,
pl-616377777,Dibbin,"findspot, archaeological-site",pin,31.89770,45.66110,,,0,103.1,https://pleiades.stoa.org/places/616377777,
pl-578158508,Umm al-Ḥafriyāt,findspot,pin,32.13240,45.48120,,,0,103.7,https://pleiades.stoa.org/places/578158508,
pl-935615276,Shamīt,"findspot, archaeological-site, tell",pin,31.74750,45.83240,1700,2100,0,104.3,https://pleiades.stoa.org/places/935615276,
pl-894114,Tell al-Arsan,settlement,pin,32.36665,45.38375,-330,640,0,105.5,https://pleiades.stoa.org/places/894114,
pl-912957,Tell Jidr/[Dabrum]?/Karkar?,"settlement, archaeological-site",pin,31.82540,45.70320,-750,2100,0,105.7,https://pleiades.stoa.org/places/912957,
pl-537487875,Shiqāft-i Gulgul,monument,pin,33.46750,46.48430,1700,2100,0,107.4,https://pleiades.stoa.org/places/537487875,
pl-201914850,Girsu Bridge,bridge,pin,31.56208,46.18137,-3000,2099,0,108.3,https://pleiades.stoa.org/places/201914850,
pl-912855,[Girsu]/Tello(h),"settlement, archaeological-site",pin,31.56039,46.17764,-6500,2100,0,108.6,https://pleiades.stoa.org/places/912855,
pl-44626252,Umma,"settlement, archaeological-site",pin,31.66796,45.88679,-6500,2100,0,108.7,https://pleiades.stoa.org/places/44626252,
pl-537242705,Shara Temple at Umma,temple-2,pin,31.66785,45.88743,-2335,-1600,0,108.7,https://pleiades.stoa.org/places/537242705,
pl-644065293,Adams 1069 (find site),"findspot, archaeological-site",pin,32.14900,45.39360,,,0,110.7,https://pleiades.stoa.org/places/644065293,
pl-912826,Chaldaici? L.,"marsh-wetland, lake",wash,31.50000,46.50000,-30,300,0,111.0,https://pleiades.stoa.org/places/912826,
pl-992018312,Tall al-Disim,"findspot, archaeological-site",pin,32.14150,45.39290,,,0,111.0,https://pleiades.stoa.org/places/992018312,
pl-344945222,Tall Umm al-ʻAjarib,"findspot, archaeological-site",pin,31.62083,45.93346,1700,2100,0,111.1,https://pleiades.stoa.org/places/344945222,
pl-912955,Tell Farawa,settlement,pin,31.64372,45.88352,-30,640,0,111.2,https://pleiades.stoa.org/places/912955,
pl-825039107,Ishān al-Sama‘a,findspot,pin,32.07250,45.41930,1700,2100,0,111.7,https://pleiades.stoa.org/places/825039107,
pl-237830124,Iri-sagrig,"settlement, archaeological-site",pin,32.15290,45.36890,-2335,-1600,0,112.7,https://pleiades.stoa.org/places/237830124,
pl-903741,Untitled,bridge,pin,33.18490,47.38852,300,640,0,112.7,https://pleiades.stoa.org/places/903741,
pl-912959,Tell Laham,"settlement, findspot",pin,32.05100,45.40620,-750,2100,0,113.9,https://pleiades.stoa.org/places/912959,
pl-959992688,Tall Warīsh,findspot,pin,32.18340,45.34210,1700,2100,0,114.0,https://pleiades.stoa.org/places/959992688,
pl-912977,U847,settlement,pin,32.23993,45.31570,-30,640,0,114.6,https://pleiades.stoa.org/places/912977,
pl-912924,Qal'a Huwaysh al-Pasha,settlement,pin,31.76059,45.64039,-330,640,0,114.9,https://pleiades.stoa.org/places/912924,
pl-912797,Abu Ruwaysh,settlement,pin,31.58912,45.90655,-330,300,0,115.4,https://pleiades.stoa.org/places/912797,
pl-531025067,Ishān Dulaiyhim,archaeological-site,pin,31.99860,45.41090,-3000,2100,0,116.2,https://pleiades.stoa.org/places/531025067,
pl-903007,Changiyeh,temple,pin,33.55860,46.49920,300,640,0,117.5,https://pleiades.stoa.org/places/903007,
pl-606664759,Ishān Hāfudh,"findspot, archaeological-site",pin,31.95690,45.42070,,,0,117.7,https://pleiades.stoa.org/places/606664759,
pl-912956,Tell Hammam,"settlement, archaeological-site, findspot",pin,31.63650,45.76750,-30,2100,0,117.9,https://pleiades.stoa.org/places/912956,
pl-894171,U549,settlement,pin,32.55190,45.24042,-330,640,0,118.1,https://pleiades.stoa.org/places/894171,
pl-715980704,Mashkan-Shapir,"settlement, archaeological-site",pin,32.40550,45.22070,-4000,2100,0,120.2,https://pleiades.stoa.org/places/715980704,
pl-959120263,Lagash,"settlement, archaeological-site",pin,31.41934,46.40968,-3000,2100,0,120.3,https://pleiades.stoa.org/places/959120263,
pl-797093165,Kisurra,"tell, archaeological-site",pin,31.83817,45.48081,-2950,2100,0,120.4,https://pleiades.stoa.org/places/797093165,
pl-912971,U082,settlement,pin,31.67614,45.65003,-750,640,0,121.2,https://pleiades.stoa.org/places/912971,
pl-912972,U092,settlement,pin,31.63263,45.70778,-750,640,0,121.5,https://pleiades.stoa.org/places/912972,
pl-912976,U798,settlement,pin,32.25443,45.23465,-30,640,0,121.6,https://pleiades.stoa.org/places/912976,
pl-326150788,Šuruppak,"findspot, settlement, archaeological-site",pin,31.77752,45.51047,-5500,2100,0,122.5,https://pleiades.stoa.org/places/326150788,
pl-922752947,Garšana ,"settlement, archaeological-site",pin,31.44330,46.11890,,,0,122.6,https://pleiades.stoa.org/places/922752947,
pl-359215729,Puzriš-Dagan,"settlement, archaeological-site",pin,32.05938,45.29213,-2335,2100,0,123.2,https://pleiades.stoa.org/places/359215729,
pl-50762146,Abū Dhuba‘,archaeological-site,pin,32.05910,45.29220,-10000,2100,0,123.2,https://pleiades.stoa.org/places/50762146,
pl-670767060,Tall al-Majātil,"cultural-landscape, findspot, archaeological-site",pin,31.39020,46.57840,1700,2100,0,123.4,https://pleiades.stoa.org/places/670767060,
pl-198812460,Chughā Sabz,archaeological-site,pin,33.31794,47.39535,1700,2100,0,123.6,https://pleiades.stoa.org/places/198812460,
pl-912970,U045,settlement,pin,31.72391,45.55363,-30,640,0,123.6,https://pleiades.stoa.org/places/912970,
pl-912877,Karkheh/Eulaeus?/Ula(ya)? (river),river,pin,32.71503,47.80348,-30,2100,0,124.3,https://pleiades.stoa.org/places/912877,
pl-912935,Shaur/Choaspes?/Eulaeus?/Uknu? (river),river,pin,32.71503,47.80348,-550,2100,0,124.3,https://pleiades.stoa.org/places/912935,
pl-912951,Tell Abu Sarifa,settlement,pin,32.27035,45.19802,-30,640,0,124.5,https://pleiades.stoa.org/places/912951,
pl-912909,Nina,"settlement, archaeological-site, tell",pin,31.37742,46.49509,-750,2100,0,124.6,https://pleiades.stoa.org/places/912909,
pl-745146970,Ziggurat at Nippur,ziggurat,pin,32.12909,45.23286,-2335,-540,0,125.6,https://pleiades.stoa.org/places/745146970,
pl-897225061,Imgur-Marduk,city-wall,wash,32.12694,45.23083,-1600,-540,0,125.8,https://pleiades.stoa.org/places/897225061,
pl-912910,Nippur/Nufar/‘Hippareni’,"settlement, archaeological-site",pin,32.12676,45.23056,-18000,2100,0,125.9,https://pleiades.stoa.org/places/912910,
pl-894173,U671,settlement,pin,32.33630,45.15984,-330,640,0,126.8,https://pleiades.stoa.org/places/894173,
pl-202833934,Sumer,region,pin,31.43527,45.97397,-3000,-540,0,128.0,https://pleiades.stoa.org/places/202833934,
pl-912952,Tell al-Dhiba'i,settlement,pin,31.69320,45.51695,-30,1999,0,128.4,https://pleiades.stoa.org/places/912952,
pl-764638887,Kalmākarrah Cave,"findspot, cave",pin,33.19980,47.60100,-1000,2100,0,129.1,https://pleiades.stoa.org/places/764638887,
pl-912975,U730,settlement,pin,32.25692,45.15163,-550,640,0,129.1,https://pleiades.stoa.org/places/912975,
pl-903079,Masabadan/Massabatene,"province, region, label",pin,33.58069,47.02318,-330,300,0,129.6,https://pleiades.stoa.org/places/903079,
pl-912928,Ruqba Meda'in,settlement,pin,31.39282,46.05179,-30,640,0,129.9,https://pleiades.stoa.org/places/912928,
pl-894172,U552,settlement,pin,32.49880,45.10898,-550,300,0,130.2,https://pleiades.stoa.org/places/894172,
pl-656796826,Tell Yassir,"findspot, settlement, archaeological-site",pin,32.56130,45.09891,-10000,2099,0,131.3,https://pleiades.stoa.org/places/656796826,
pl-298059636,Tulūl al-Fāj,archaeological-site,pin,32.57410,45.09560,1700,2100,0,131.7,https://pleiades.stoa.org/places/298059636,
pl-359761173,Egalmah,temple-2,pin,31.91953,45.26809,-2335,-540,0,132.1,https://pleiades.stoa.org/places/359761173,
pl-912978,U914,settlement,pin,32.18192,45.13655,-550,640,0,132.4,https://pleiades.stoa.org/places/912978,
pl-771224406,Patibīri,"settlement, archaeological-site",pin,31.38326,46.00412,-2000,2100,0,132.4,https://pleiades.stoa.org/places/771224406,
pl-912991,Zibliyat,settlement,pin,32.28437,45.10834,-330,640,0,132.5,https://pleiades.stoa.org/places/912991,
pl-397243043,Tall Nūyaja,archaeological-site,pin,32.33000,45.09740,1700,2100,0,132.7,https://pleiades.stoa.org/places/397243043,
pl-417249577,Suteans,"unlocated, people",wash,31.63236,45.52235,-2000,-540,0,132.9,https://pleiades.stoa.org/places/417249577,
pl-894164,Tulul al-Lawami,settlement,pin,33.00248,45.20777,-330,300,0,133.2,https://pleiades.stoa.org/places/894164,
pl-903109,Saimarreh/Eulaeus?/Ula(ya)? (river),river,pin,33.47050,47.34312,-30,2099,0,133.5,https://pleiades.stoa.org/places/903109,
pl-912868,Isin,"settlement, archaeological-site",pin,31.88532,45.26927,-3000,2100,0,133.9,https://pleiades.stoa.org/places/912868,
pl-528311578,Umm al-Ḥafryāt,"findspot, archaeological-site",pin,31.64270,45.49140,1700,2100,0,134.1,https://pleiades.stoa.org/places/528311578,
pl-984456596,Ṭulūl al-Ḥumr,findspot,pin,31.85680,45.28710,,,0,134.1,https://pleiades.stoa.org/places/984456596,
pl-413309734,Pol-e Dokhtar,"bridge, settlement-modern",pin,33.15238,47.71277,-30,2100,0,134.7,https://pleiades.stoa.org/places/413309734,
pl-912816,Babylonia,"region, label",pin,31.62834,45.49541,-1600,640,0,134.9,https://pleiades.stoa.org/places/912816,
pl-916091377,Tulūl al-Hummar,"findspot, archaeological-site",pin,31.61660,45.49980,,,0,135.6,https://pleiades.stoa.org/places/916091377,
pl-912968,Tulul Jezzaz,settlement,pin,31.65652,45.43420,-30,640,0,136.8,https://pleiades.stoa.org/places/912968,
pl-82714949,Tulūl ‘Adāy,findspot,pin,32.31140,45.04890,1700,2100,0,137.5,https://pleiades.stoa.org/places/82714949,
pl-180784164,Mound at Banāt al-Hassan (Adams 100),"findspot, archaeological-site",pin,31.57570,45.52180,-2335,2100,0,137.5,https://pleiades.stoa.org/places/180784164,
pl-924184480,Mound at Banāt al-Hassan (Adams 131),"findspot, archaeological-site",pin,31.55580,45.54000,-2950,2100,0,138.1,https://pleiades.stoa.org/places/924184480,
pl-912950,Tell Abu Salabikh,"settlement, archaeological-site",pin,32.25263,45.05445,-6200,2100,0,138.1,https://pleiades.stoa.org/places/912950,
pl-912818,Mound at Banāt al-Hassan (Adams 134),"settlement, tell",pin,31.54808,45.54549,-550,2100,0,138.4,https://pleiades.stoa.org/places/912818,
pl-912905,Mesene/Characene/Shad Bahman/Maisan,"region, label",pin,31.46786,47.34447,-30,640,0,139.2,https://pleiades.stoa.org/places/912905,
pl-912903,Medain,settlement,pin,31.55751,45.51288,-330,640,0,139.6,https://pleiades.stoa.org/places/912903,
pl-894165,Tulul al-Shuaila/Skaphe?,settlement,pin,32.95364,45.10738,-330,640,0,139.8,https://pleiades.stoa.org/places/894165,
pl-894160,Tulul Abu Adhem,"settlement, findspot",pin,32.31050,45.02300,-750,2100,0,139.9,https://pleiades.stoa.org/places/894160,
pl-912802,[al-Madhar],settlement,pin,31.49331,47.40785,300,640,0,140.4,https://pleiades.stoa.org/places/912802,
pl-912973,U253,settlement,pin,31.45851,45.64615,-750,300,0,140.5,https://pleiades.stoa.org/places/912973,
pl-534713796,Chamahzi Mumah,cemetery,pin,33.71418,46.05275,-1000,-540,0,141.1,https://pleiades.stoa.org/places/534713796,
pl-180710110,Tall S‘aīd,"findspot, archaeological-site",pin,32.23190,45.01270,1700,2100,0,142.4,https://pleiades.stoa.org/places/180710110,
pl-918941621,Suhairy,findspot,pin,31.47280,45.58820,,,0,142.4,https://pleiades.stoa.org/places/918941621,
pl-932138410,Tall al-Sifr,"findspot, archaeological-site",pin,31.29450,45.96740,1700,2100,0,142.8,https://pleiades.stoa.org/places/932138410,
pl-912908,Nar-Kute (river),river,wash,31.50000,45.50000,-750,-330,0,145.2,https://pleiades.stoa.org/places/912908,
pl-300354623,Warka Survey,settlement,wash,31.50000,45.50000,-2335,-2000,0,145.2,https://pleiades.stoa.org/places/300354623,
pl-583777189,Abū Ṣalābīḫ,settlement,wash,33.50000,45.50000,-2950,-2350,0,145.2,https://pleiades.stoa.org/places/583777189,
pl-893980,D776,unknown,wash,33.50000,45.50000,-550,300,0,145.2,https://pleiades.stoa.org/places/893980,
pl-903742,Untitled,bridge,wash,33.50000,47.50000,300,640,0,145.2,https://pleiades.stoa.org/places/903742,
pl-903743,Untitled,bridge,wash,33.50000,47.50000,300,640,0,145.2,https://pleiades.stoa.org/places/903743,
pl-894116,Tell al-Deir (al-Aqul),settlement,pin,32.87830,44.98657,-330,640,0,147.8,https://pleiades.stoa.org/places/894116,
pl-912897,Larsa,"settlement, archaeological-site",pin,31.28322,45.85245,-6200,2100,0,148.0,https://pleiades.stoa.org/places/912897,
pl-175425813,Eduranna,temple-2,pin,31.28450,45.85148,-720,-540,0,148.0,https://pleiades.stoa.org/places/175425813,
pl-477553842,Ebabbar,temple-2,pin,31.28290,45.84970,-3000,-540,0,148.2,https://pleiades.stoa.org/places/477553842,
pl-912967,Tulul al-Ajjaz,settlement,pin,31.58998,45.31818,-30,640,0,149.8,https://pleiades.stoa.org/places/912967,
pl-912974,U265,settlement,pin,31.42268,45.53440,-330,640,0,149.9,https://pleiades.stoa.org/places/912974,
pl-903061,Khordeh Cheshme,settlement,pin,33.73832,47.13899,-550,300,0,149.9,https://pleiades.stoa.org/places/903061,
pl-636257512,Tell el-'Oueili,settlement,pin,31.24291,45.88544,-6500,2100,0,150.9,https://pleiades.stoa.org/places/636257512,
pl-893958,Beth Aramaye,"region, label",pin,32.85035,44.94058,-30,640,0,151.1,https://pleiades.stoa.org/places/893958,
pl-823618978,Kanī Jūnī,"findspot, archaeological-site",pin,33.49820,47.60300,1700,2100,0,151.5,https://pleiades.stoa.org/places/823618978,
pl-894094,Sumaka,settlement,pin,33.08841,45.03644,-550,640,0,151.8,https://pleiades.stoa.org/places/894094,
pl-823618977,Kanī Jūnī,"findspot, archaeological-site",pin,33.49880,47.60910,1700,2100,0,151.9,https://pleiades.stoa.org/places/823618977,
pl-503453020,Chanār-i Pāyn,"findspot, archaeological-site",pin,33.50670,47.60470,1700,2100,0,152.3,https://pleiades.stoa.org/places/503453020,
pl-872872447,Chiyāpuykah ,"findspot, archaeological-site",pin,33.49810,47.61800,1700,2100,0,152.4,https://pleiades.stoa.org/places/872872447,
pl-903745,Untitled,bridge,pin,32.39149,48.12290,300,640,0,152.4,https://pleiades.stoa.org/places/903745,
pl-503453021,Ḥūr Sulaymān,"findspot, archaeological-site",pin,33.50300,47.61730,1700,2100,0,152.8,https://pleiades.stoa.org/places/503453021,
pl-894010,Ishan Gurtiya,settlement,pin,32.70456,44.88542,300,640,0,152.8,https://pleiades.stoa.org/places/894010,
pl-871762029,Tall Bint al-Amīr,"findspot, archaeological-site",pin,32.19590,44.90426,,,0,153.2,https://pleiades.stoa.org/places/871762029,
pl-996877399,Eanna,temple-2,pin,31.32433,45.64021,-3000,-100,0,153.3,https://pleiades.stoa.org/places/996877399,
pl-912986,Uruk/Orchoe/Erech/Orikut,"urban, findspot, settlement, archaeological-site",pin,31.32338,45.63905,-6200,2100,0,153.5,https://pleiades.stoa.org/places/912986,
pl-170290381,Antioch on the Ishtar Canal,settlement,wash,31.32251,45.63886,-300,-201,0,153.6,https://pleiades.stoa.org/places/170290381,
pl-599671129,Djub-i Gauhar,cemetery,pin,33.86763,46.23519,-1000,-650,0,153.8,https://pleiades.stoa.org/places/599671129,
pl-296252167,Umm al-Wawiya,"findspot, archaeological-site",pin,31.26120,45.76270,,,0,153.9,https://pleiades.stoa.org/places/296252167,
pl-612591680,Enirgalana,"unlocated, shrine",wash,31.32147,45.62868,-720,-540,0,154.2,https://pleiades.stoa.org/places/612591680,
pl-894153,Tell Suraysur,settlement,pin,32.66527,44.85585,-550,640,0,155.0,https://pleiades.stoa.org/places/894153,
pl-510395969,Mukdan,"findspot, archaeological-site",pin,32.64970,44.85010,1700,2100,0,155.3,https://pleiades.stoa.org/places/510395969,
pl-903047,Ivan-i Karkheh/Eran-Khurra-(kard-) Shapur?/Karkha de Ladan,settlement,pin,32.31500,48.14925,-30,640,0,155.8,https://pleiades.stoa.org/places/903047,
pl-893932,Abu Taraichiya,settlement,pin,32.55758,44.82606,-30,640,0,156.8,https://pleiades.stoa.org/places/893932,
pl-903251933,Abū Jāmūs,"findspot, archaeological-site",pin,32.46028,44.82257,1700,2100,0,157.1,https://pleiades.stoa.org/places/903251933,
pl-542496317,Ishān Dhahak,"findspot, archaeological-site",pin,32.71040,44.83410,1700,2100,0,157.7,https://pleiades.stoa.org/places/542496317,
pl-894142,Tell Karuna,settlement,pin,32.67236,44.82518,300,640,0,158.0,https://pleiades.stoa.org/places/894142,
pl-894017,K081,settlement,pin,32.57419,44.80678,-750,640,0,158.7,https://pleiades.stoa.org/places/894017,
pl-865555440,Surkh Dum Lurī,findspot,pin,33.50640,47.70790,1700,2100,0,159.0,https://pleiades.stoa.org/places/865555440,
pl-903067,KS126,settlement,pin,32.37102,48.19228,300,640,0,159.1,https://pleiades.stoa.org/places/903067,
pl-934336187,Tall Kozkhān,"archaeological-site, tell",pin,32.18730,44.84040,1700,2100,0,159.2,https://pleiades.stoa.org/places/934336187,
pl-893933,Abu Taraichiya al-Shemali,settlement,pin,33.20065,45.01085,-550,640,0,159.6,https://pleiades.stoa.org/places/893933,
pl-903112,Seh Pa Aivan,temple,pin,33.89258,46.03312,300,640,0,160.6,https://pleiades.stoa.org/places/903112,
pl-894009,Ishan al-Khara,settlement,pin,32.53898,44.78311,-750,1999,0,160.8,https://pleiades.stoa.org/places/894009,
pl-894000,Girumu,"settlement, archaeological-site",pin,32.70290,44.79470,-750,640,0,161.2,https://pleiades.stoa.org/places/894000,
pl-894011,Ishan Rishayd,settlement,pin,32.75834,44.80024,-330,640,0,161.7,https://pleiades.stoa.org/places/894011,
pl-903068,KS391,settlement,pin,32.34713,48.22641,300,640,0,162.5,https://pleiades.stoa.org/places/903068,
pl-894115,Tell al-Daym,settlement,pin,32.65184,44.77237,-550,300,0,162.6,https://pleiades.stoa.org/places/894115,
pl-733910291,Jemdet Nasr,settlement,pin,32.71816,44.77962,-4000,2100,0,162.9,https://pleiades.stoa.org/places/733910291,
pl-153378876,Ishān Abū Kumbārah,"findspot, archaeological-site",pin,31.05350,46.19540,1700,2100,0,163.1,https://pleiades.stoa.org/places/153378876,
pl-912902,Mat Tamti,"region, label",pin,31.03264,46.37141,-750,-330,0,163.3,https://pleiades.stoa.org/places/912902,
pl-894015,K060,settlement,pin,32.61837,44.75527,-550,640,0,163.9,https://pleiades.stoa.org/places/894015,
pl-894122,Tell al-Rishayd,settlement,pin,32.74828,44.76890,-330,640,0,164.4,https://pleiades.stoa.org/places/894122,
pl-894016,"K063, K064",settlement,pin,32.59428,44.74112,-30,640,0,165.0,https://pleiades.stoa.org/places/894016,
pl-912901,Marad,settlement,pin,32.08143,44.78556,-750,2100,0,167.1,https://pleiades.stoa.org/places/912901,
pl-208960069,Ishān Khālifa,"findspot, archaeological-site",pin,32.51050,44.71500,1700,2100,0,167.1,https://pleiades.stoa.org/places/208960069,
pl-708667982,Eigikalamma,"unlocated, temple-2",wash,32.07117,44.78601,-2335,-540,0,167.4,https://pleiades.stoa.org/places/708667982,
pl-912936,Susa/Seleucia ad Eulaeum,"findspot, settlement, archaeological-site, palace-complex",pin,32.18993,48.25354,-6200,2100,0,167.7,https://pleiades.stoa.org/places/912936,
pl-12084644,Tell Khaiber,"archaeological-site, tell",pin,31.05963,45.93297,1700,2100,0,168.5,https://pleiades.stoa.org/places/12084644,
pl-894155,Tell Tabl,settlement,pin,33.21983,44.90998,-330,640,0,168.9,https://pleiades.stoa.org/places/894155,
pl-653507572,Abū Ṭbīrah,archaeological-site,pin,30.98280,46.26780,1700,2100,0,169.8,https://pleiades.stoa.org/places/653507572,
pl-893929,Abu Hurayba,settlement,pin,32.76616,44.70625,-330,640,0,170.5,https://pleiades.stoa.org/places/893929,
pl-68449419,Tulūl al-Khāldiyah,findspot,pin,32.25030,44.70100,1700,2100,0,170.7,https://pleiades.stoa.org/places/68449419,
pl-274528783,Gul Khanan Murdah,cemetery,pin,33.93740,45.84727,-1000,-650,0,170.9,https://pleiades.stoa.org/places/274528783,
pl-123591514,Tell Ba'arura Shargi,findspot,pin,30.97860,46.16840,,,0,171.7,https://pleiades.stoa.org/places/123591514,
pl-893927,[Aberta],settlement,pin,33.23897,44.88116,-30,640,0,172.3,https://pleiades.stoa.org/places/893927,
pl-903055,Karina,label,pin,34.04831,46.64815,-330,300,0,172.4,https://pleiades.stoa.org/places/903055,
pl-893922,A007,settlement,pin,32.98240,44.74855,300,640,0,172.5,https://pleiades.stoa.org/places/893922,
pl-138636347,Diqdiqah,settlement,pin,30.97455,46.11863,-2335,2100,0,173.0,https://pleiades.stoa.org/places/138636347,
pl-894161,Tulul Abu Jawan,"settlement, archaeological-site",pin,33.13370,44.80700,-550,2100,0,173.4,https://pleiades.stoa.org/places/894161,
pl-284453587,Elugalgalgasisa,temple-2,pin,30.96278,46.10325,-2335,2100,0,174.6,https://pleiades.stoa.org/places/284453587,
pl-76011694,Enunmah,temple-2,pin,30.96276,46.10446,-2335,-540,0,174.6,https://pleiades.stoa.org/places/76011694,
pl-678637578,Tell Uqair,"findspot, settlement, archaeological-site",pin,32.78178,44.66438,-4000,2100,0,174.7,https://pleiades.stoa.org/places/678637578,
pl-663286875,Ekišnugal,temple-2,pin,30.96228,46.10432,-2335,-540,0,174.7,https://pleiades.stoa.org/places/663286875,
pl-100593150,Egipar,temple-2,pin,30.96186,46.10382,-2335,-540,0,174.7,https://pleiades.stoa.org/places/100593150,
pl-612591681,Ekišibgalekura,"unlocated, shrine",wash,30.96172,46.10428,-720,-540,0,174.7,https://pleiades.stoa.org/places/612591681,
pl-900050539,Enun,"unlocated, shrine",wash,30.96176,46.10447,-720,-540,0,174.7,https://pleiades.stoa.org/places/900050539,
pl-912985,Ur(i),"urban, findspot, settlement, archaeological-site",pin,30.96132,46.10542,-6200,2100,0,174.7,https://pleiades.stoa.org/places/912985,
pl-312829864,Eanšar,"unlocated, shrine",wash,30.96172,46.10428,-720,-540,0,174.7,https://pleiades.stoa.org/places/312829864,
pl-601157335,Eadgigi,"unlocated, shrine",wash,30.96172,46.10428,-720,-540,0,174.7,https://pleiades.stoa.org/places/601157335,
pl-934642980,E(...)gakuga,"unlocated, shrine",wash,30.96172,46.10428,-720,-540,0,174.7,https://pleiades.stoa.org/places/934642980,
pl-339709658,Tell al-Ubaid,"findspot, settlement, archaeological-site",pin,30.97225,46.03051,-4000,2100,0,175.2,https://pleiades.stoa.org/places/339709658,
pl-235529944,Abū Fanduwā,findspot,pin,32.09410,48.31640,1700,2100,0,175.9,https://pleiades.stoa.org/places/235529944,
pl-894168,Tulul Rughath,settlement,pin,33.34892,44.90834,-30,640,0,176.3,https://pleiades.stoa.org/places/894168,
pl-379400932,Kabnak,"settlement, archaeological-site",pin,32.08054,48.32828,-1500,2100,0,177.4,https://pleiades.stoa.org/places/379400932,
pl-903015,Dezful/[Qantara al-Rum],settlement,pin,32.38299,48.39819,-3200,2000,0,178.2,https://pleiades.stoa.org/places/903015,
pl-171585551,Tall Ajrab,settlement,pin,33.33935,44.87406,-2950,2100,0,178.5,https://pleiades.stoa.org/places/171585551,
pl-894028,Kish,"urban, settlement, archaeological-site",pin,32.54609,44.59316,-6200,2100,0,178.6,https://pleiades.stoa.org/places/894028,
pl-188334599,Chughā Gāwānah,archaeological-site,pin,34.11015,46.52865,1700,2100,0,178.7,https://pleiades.stoa.org/places/188334599,
pl-216202762,Melem-kurukurra-dulla,"unlocated, city-wall",wash,32.54638,44.59230,-720,-540,0,178.7,https://pleiades.stoa.org/places/216202762,
pl-893930,Abu Jilaj,settlement,pin,33.26058,44.81736,-330,640,0,178.7,https://pleiades.stoa.org/places/893930,
pl-552857304,Pī-Kasî,archaeological-site,pin,32.13110,44.63930,1700,2100,0,178.9,https://pleiades.stoa.org/places/552857304,
pl-213534096,Emeslam,"unlocated, temple-2",wash,32.76091,44.61172,-2335,-540,0,179.1,https://pleiades.stoa.org/places/213534096,
pl-154202833,Ugal-amaru,"unlocated, city-wall",wash,32.76091,44.61172,-720,-540,0,179.1,https://pleiades.stoa.org/places/154202833,
pl-893977,Cutha,"settlement, archaeological-site",pin,32.76071,44.61139,-2000,2100,0,179.2,https://pleiades.stoa.org/places/893977,
pl-37918021,Al-Rammāḥīyah,"findspot, archaeological-site",pin,31.89400,44.71320,1700,2100,0,180.3,https://pleiades.stoa.org/places/37918021,
pl-893939,Apolloniatis/Sittacene,"region, label",pin,33.43069,44.91464,-550,300,0,180.8,https://pleiades.stoa.org/places/893939,
pl-606664760,Ishān al-Khāzna,"findspot, archaeological-site",pin,32.55390,44.56870,1700,2100,0,180.9,https://pleiades.stoa.org/places/606664760,
pl-702110866,Tall Ḥadwat al-Faras,findspot,pin,32.19240,44.58960,1700,2100,0,182.1,https://pleiades.stoa.org/places/702110866,
pl-166031522,Choga Mami,settlement,pin,33.88334,45.44998,-10000,-3300,0,182.3,https://pleiades.stoa.org/places/166031522,
pl-215156343,Ishān Miziyād,archaeological-site,pin,32.59317,44.55599,1700,2100,0,182.3,https://pleiades.stoa.org/places/215156343,
pl-912895,KS1168,settlement,pin,32.09656,48.39468,-30,640,0,182.9,https://pleiades.stoa.org/places/912895,
pl-894107,Tell Abu Ja'ari,settlement,pin,33.40064,44.85445,-30,640,0,183.6,https://pleiades.stoa.org/places/894107,
pl-894141,Tell Jim'a,settlement,pin,33.33202,44.80441,-330,640,0,183.6,https://pleiades.stoa.org/places/894141,
pl-432273802,Al-Rajībah,archaeological-site,pin,30.90460,45.96900,1700,2100,0,183.9,https://pleiades.stoa.org/places/432273802,
pl-369438235,Tapah Daylam,archaeological-site,pin,32.16720,48.42620,1700,2100,0,184.1,https://pleiades.stoa.org/places/369438235,
pl-310449388,Tall Marjab,settlement,pin,30.86275,46.15753,-6500,2100,0,184.5,https://pleiades.stoa.org/places/310449388,
pl-894056,Opis,"settlement, archaeological-site, findspot",pin,33.18440,44.70150,-2950,2100,0,184.7,https://pleiades.stoa.org/places/894056,
pl-978492068,Eamaškuga,"unlocated, temple-2",wash,30.83482,46.33410,-720,-540,0,185.5,https://pleiades.stoa.org/places/978492068,
pl-56567730,Akkad,region,pin,32.50000,44.50000,-2335,2100,0,187.2,https://pleiades.stoa.org/places/56567730,
pl-296101142,al-Ḥilla,settlement,wash,32.50000,44.50000,-1200,2000,0,187.2,https://pleiades.stoa.org/places/296101142,
pl-63806066,Agade,"unlocated, settlement",wash,32.50000,44.50000,-2335,-540,0,187.2,https://pleiades.stoa.org/places/63806066,
pl-914307,Untitled,canal,wash,32.50000,48.50000,-30,640,0,187.2,https://pleiades.stoa.org/places/914307,
pl-914309,Untitled,canal,wash,32.50000,48.50000,-30,640,0,187.2,https://pleiades.stoa.org/places/914309,
pl-915062,Untitled,dam,wash,32.50000,48.50000,300,640,0,187.2,https://pleiades.stoa.org/places/915062,
pl-619096570,Kiš Survey,settlement,wash,32.50000,44.50000,-2335,-2000,0,187.2,https://pleiades.stoa.org/places/619096570,
pl-619096572,Tall Nimrūd,settlement,wash,32.50000,44.50000,-2950,-1600,0,187.2,https://pleiades.stoa.org/places/619096572,
pl-360094475,Akkad Survey Area,settlement,wash,32.50000,44.50000,-2335,2100,0,187.2,https://pleiades.stoa.org/places/360094475,
pl-893923,A068,unknown,wash,32.50000,44.50000,-30,640,0,187.2,https://pleiades.stoa.org/places/893923,
pl-893924,A079,unknown,wash,32.50000,44.50000,-750,300,0,187.2,https://pleiades.stoa.org/places/893924,
pl-894059,Pallaconta? (river),"canal, river",wash,32.50000,44.50000,-30,300,0,187.2,https://pleiades.stoa.org/places/894059,
pl-896947,Untitled,city-wall,wash,32.50000,44.50000,-750,300,0,187.2,https://pleiades.stoa.org/places/896947,
pl-904493,Untitled,canal,wash,32.50000,48.50000,-30,640,0,187.2,https://pleiades.stoa.org/places/904493,
pl-912884,KS75,settlement,pin,32.10163,48.44362,-330,640,0,187.3,https://pleiades.stoa.org/places/912884,
pl-912843,Elymais/Susiana,"region, label",pin,32.32748,48.50301,-30,640,0,188.5,https://pleiades.stoa.org/places/912843,
pl-472408321,Al-Mukhaṭṭaṭ,archaeological-site,pin,32.33700,44.49620,1700,2100,0,188.5,https://pleiades.stoa.org/places/472408321,
pl-447650480,Chughā Pahn West,archaeological-site,pin,32.18510,48.48620,1700,2100,0,189.2,https://pleiades.stoa.org/places/447650480,
pl-903034,Gilan Gharbi,temple,pin,34.13976,45.91770,300,640,0,190.0,https://pleiades.stoa.org/places/903034,
pl-863747026,Chogha Bonut,"archaeological-site, tell",pin,32.22253,48.50465,-6000,2099,0,190.2,https://pleiades.stoa.org/places/863747026,
pl-894131,Tell Dhahab,settlement,pin,33.07656,44.58645,-330,640,0,190.2,https://pleiades.stoa.org/places/894131,
pl-893967,Bustan,settlement,pin,33.07019,44.58276,-30,640,0,190.3,https://pleiades.stoa.org/places/893967,
pl-912873,[Jundishapur]/Veh-Andiyok-Shapur/Beth Lapat/Bendosaboron,"urban, settlement",pin,32.28047,48.51769,-30,640,0,190.5,https://pleiades.stoa.org/places/912873,
pl-893947,[Aspanbor],settlement,pin,33.10027,44.58349,-30,640,0,191.4,https://pleiades.stoa.org/places/893947,
pl-893976,Ctesiphon,"urban, settlement",pin,33.09470,44.58122,-540,2000,0,191.4,https://pleiades.stoa.org/places/893976,
pl-667048535,E-ibbi-Anum,"unlocated, temple-2",wash,32.29521,44.46697,-3000,-540,0,191.7,https://pleiades.stoa.org/places/667048535,
pl-893987,Dilbat,"settlement, archaeological-site",pin,32.29580,44.46689,-750,2100,0,191.7,https://pleiades.stoa.org/places/893987,
pl-124694415,Giššu Gate,"unlocated, city-gate",pin,32.54098,44.45073,-720,2099,0,191.9,https://pleiades.stoa.org/places/124694415,
pl-912953,Tell al-Lahm,"settlement, archaeological-site",pin,30.77400,46.36590,-3000,2100,0,192.0,https://pleiades.stoa.org/places/912953,
pl-912845,Eridu,"settlement, archaeological-site",pin,30.81999,45.99564,-6500,2100,0,192.4,https://pleiades.stoa.org/places/912845,
pl-124694416,Sun of the Gods Gate,"unlocated, city-gate",pin,32.53350,44.44440,-720,2099,0,192.5,https://pleiades.stoa.org/places/124694416,
pl-894140,Tell Itwayba,settlement,pin,32.80112,44.47527,-750,300,0,192.5,https://pleiades.stoa.org/places/894140,
pl-722340789,Eastern Outer Wall of Babylon,city-wall,pin,32.55038,44.43875,-720,2099,0,193.0,https://pleiades.stoa.org/places/722340789,
pl-87882504,Madānu Canal Gate,"unlocated, city-gate",pin,32.55234,44.43814,-720,2099,0,193.1,https://pleiades.stoa.org/places/87882504,
pl-794488651,Zababa Gate,city-gate,pin,32.53560,44.43698,-1600,2099,0,193.2,https://pleiades.stoa.org/places/794488651,
pl-77002491,Al-Ḥilah,findspot,pin,32.48440,44.43610,1500,2100,0,193.2,https://pleiades.stoa.org/places/77002491,
pl-764089567,Ekagula,"unlocated, shrine",wash,32.53424,44.43412,-720,-540,0,193.4,https://pleiades.stoa.org/places/764089567,
pl-5066376,TE.E,district,pin,32.53424,44.43412,-1600,-30,0,193.4,https://pleiades.stoa.org/places/5066376,
pl-632147764,Marduk Gate,city-gate,pin,32.54184,44.43436,-1600,2099,0,193.4,https://pleiades.stoa.org/places/632147764,
pl-878261411,Tulūl Bismāyah,archaeological-site,pin,33.20314,44.60945,1700,2100,0,193.4,https://pleiades.stoa.org/places/878261411,
pl-883747310,Edurkuga,"unlocated, shrine",wash,32.53424,44.43412,-720,-540,0,193.4,https://pleiades.stoa.org/places/883747310,
pl-189727829,Emeurur,"unlocated, temple-2",wash,32.53424,44.43412,-2000,-540,0,193.4,https://pleiades.stoa.org/places/189727829,
pl-863887719,Esag,"unlocated, temple-2",wash,32.54371,44.43119,-720,-540,0,193.7,https://pleiades.stoa.org/places/863887719,
pl-5066375,Kullab,district,pin,32.54371,44.43119,-1600,-30,0,193.7,https://pleiades.stoa.org/places/5066375,
pl-818994290,Eurguba,"unlocated, temple-2",wash,32.54371,44.43119,-720,-540,0,193.7,https://pleiades.stoa.org/places/818994290,
pl-454450225,Emekiliburur,"unlocated, temple-2",wash,32.54371,44.43119,-720,-540,0,193.7,https://pleiades.stoa.org/places/454450225,
pl-293222275,Greek Theater,theatre,pin,32.54258,44.42983,-330,-30,0,193.9,https://pleiades.stoa.org/places/293222275,
pl-894056377,Seashore Gate,"unlocated, city-gate",pin,32.52729,44.42756,-720,2099,0,194.0,https://pleiades.stoa.org/places/894056377,
pl-510139757,Šūhi Canal Gate,"unlocated, city-gate",pin,32.56196,44.42752,-720,2099,0,194.1,https://pleiades.stoa.org/places/510139757,
pl-576681908,Eandasaya,"unlocated, temple-2",wash,32.54258,44.42685,-720,-540,0,194.1,https://pleiades.stoa.org/places/576681908,
pl-576681909,Ekitušgirzal,"unlocated, temple-2",pin,32.54261,44.42682,-720,-540,0,194.1,https://pleiades.stoa.org/places/576681909,
pl-386664298,Ehursagtilla,temple-2,pin,32.53063,44.42657,-720,-540,0,194.1,https://pleiades.stoa.org/places/386664298,
pl-54136921,New City/Newtown,district,pin,32.54258,44.42685,-2000,2099,0,194.1,https://pleiades.stoa.org/places/54136921,
pl-138926703,Akītu of Šarrat-Nippuri,temple-2,wash,32.53063,44.42657,,,0,194.1,https://pleiades.stoa.org/places/138926703,
pl-454450226,Ekišnugal,"unlocated, temple-2",pin,32.53669,44.42731,-2000,-30,0,194.1,https://pleiades.stoa.org/places/454450226,
pl-189727830,Eurunanam,"unlocated, shrine",wash,32.54258,44.42685,-720,-540,0,194.1,https://pleiades.stoa.org/places/189727830,
pl-912885,KS369,settlement,pin,32.20331,48.54488,-750,1999,0,194.2,https://pleiades.stoa.org/places/912885,
pl-55248061,Hanging Gardens of Babylon,"garden-hortus, paradise-garden",wash,32.53730,44.42498,,,0,194.3,https://pleiades.stoa.org/places/55248061,
pl-213534097,Emašdari,temple-2,pin,32.54018,44.42469,-720,-540,0,194.3,https://pleiades.stoa.org/places/213534097,
pl-438874660,Uraš Gate,"city-gate, city-wall",pin,32.52874,44.42494,-1600,2100,0,194.3,https://pleiades.stoa.org/places/438874660,
pl-893951,Babylon,"urban, settlement, archaeological-site",pin,32.53730,44.42498,-2000,1599,0,194.3,https://pleiades.stoa.org/places/893951,
pl-358880029,Ešasurra,temple-2,pin,32.53086,44.42423,-720,2099,0,194.4,https://pleiades.stoa.org/places/358880029,
pl-33309869,Ay-ibūr-šabû,road,pin,32.54003,44.42369,-720,-100,0,194.4,https://pleiades.stoa.org/places/33309869,
pl-897225060,Nēmed-Enlil,city-wall,pin,32.53627,44.42413,-1600,-540,0,194.4,https://pleiades.stoa.org/places/897225060,
pl-856859068,Ehilikalamma,temple-2,pin,32.53965,44.42367,-720,2099,0,194.4,https://pleiades.stoa.org/places/856859068,
pl-856859069,Šuanna,district,pin,32.53086,44.42423,-1600,-30,0,194.4,https://pleiades.stoa.org/places/856859069,
pl-894126,Tell Babil,palace,pin,32.56553,44.42469,-750,2099,0,194.4,https://pleiades.stoa.org/places/894126,
pl-895710131,Tepe Horreeye,archaeological-site,pin,32.03130,48.50220,,,0,194.5,https://pleiades.stoa.org/places/895710131,
pl-568355929,Eniggidrukalamasuma,temple-2,pin,32.53976,44.42337,-720,-330,0,194.5,https://pleiades.stoa.org/places/568355929,
pl-452038953,Emah,temple-2,pin,32.54328,44.42325,-720,-540,0,194.5,https://pleiades.stoa.org/places/452038953,
pl-653377582,Ištar Gate,city-gate,pin,32.54352,44.42251,-1600,2100,0,194.5,https://pleiades.stoa.org/places/653377582,
pl-894093,Soura,settlement,pin,32.57314,44.42426,-30,640,0,194.5,https://pleiades.stoa.org/places/894093,
pl-251337021,Esagila,temple-2,pin,32.53379,44.42149,-2000,-30,0,194.6,https://pleiades.stoa.org/places/251337021,
pl-923543650,Ekarzagina,"unlocated, temple-2",wash,32.53379,44.42149,-720,-540,0,194.6,https://pleiades.stoa.org/places/923543650,
pl-202833933,Imgur-Enlil,city-wall,pin,32.54322,44.42165,-1600,-540,0,194.6,https://pleiades.stoa.org/places/202833933,
pl-646547815,Ekitušgarza,"unlocated, temple-2",pin,32.52741,44.42104,-720,-540,0,194.6,https://pleiades.stoa.org/places/646547815,
pl-223617668,North Palace at Babylon,palace,pin,32.54402,44.42084,-720,2099,0,194.7,https://pleiades.stoa.org/places/223617668,
pl-54136919,Eridu,district,pin,32.53633,44.42108,-1600,-30,0,194.7,https://pleiades.stoa.org/places/54136919,
pl-54136920,Ka-dingirra,district,pin,32.54070,44.42115,-1600,-30,0,194.7,https://pleiades.stoa.org/places/54136920,
pl-541602250,Palace of Nebuchadnezzar II,architecturalcomplex,pin,32.54222,44.42132,-720,2099,0,194.7,https://pleiades.stoa.org/places/541602250,
pl-142907963,Etemenanki,"temple-2, ziggurat",pin,32.53633,44.42108,-720,-330,0,194.7,https://pleiades.stoa.org/places/142907963,
pl-386554382,Šamaš Gate,"unlocated, city-gate",pin,32.52700,44.42073,-1600,2100,0,194.7,https://pleiades.stoa.org/places/386554382,
pl-912829,Chogha Mish,"settlement, archaeological-site",pin,32.22400,48.55552,-6000,2100,0,194.9,https://pleiades.stoa.org/places/912829,
pl-133324175,Ešiddukišara,"unlocated, temple-2",wash,32.52849,44.41842,-720,-540,0,194.9,https://pleiades.stoa.org/places/133324175,
pl-89975947,Tuba,district,pin,32.52849,44.41842,-1600,-30,0,194.9,https://pleiades.stoa.org/places/89975947,
pl-646547814,Esabad,"unlocated, temple-2",wash,32.52849,44.41842,-720,-30,0,194.9,https://pleiades.stoa.org/places/646547814,
pl-130405659,Enamhe,"unlocated, temple-2",pin,32.53195,44.41739,-2000,-540,0,195.0,https://pleiades.stoa.org/places/130405659,
pl-704495840,Enlil Gate,"unlocated, city-gate",pin,32.53961,44.41639,-1600,2099,0,195.1,https://pleiades.stoa.org/places/704495840,
pl-117946902,Enamtila,"unlocated, temple-2",pin,32.53458,44.41610,-2000,-540,0,195.1,https://pleiades.stoa.org/places/117946902,
pl-452758807,Egišhurankia,"unlocated, temple-2",pin,32.53929,44.41536,-720,-540,0,195.2,https://pleiades.stoa.org/places/452758807,
pl-130405658,Eʾešmah,"unlocated, temple-2",pin,32.53235,44.41473,-720,-540,0,195.2,https://pleiades.stoa.org/places/130405658,
pl-116348460,Eʾesirkalama,"unlocated, temple-2",wash,32.53280,44.41545,-720,-540,0,195.2,https://pleiades.stoa.org/places/116348460,
pl-323375925,Ekadima,"unlocated, temple-2",wash,32.53280,44.41545,-720,-540,0,195.2,https://pleiades.stoa.org/places/323375925,
pl-419903060,Edikukalama,unknown,wash,32.53280,44.41545,-2000,-540,0,195.2,https://pleiades.stoa.org/places/419903060,
pl-607767545,Emesikila,"unlocated, temple-2",wash,32.53280,44.41545,-2000,-540,0,195.2,https://pleiades.stoa.org/places/607767545,
pl-633091639,Kumar,district,pin,32.53280,44.41545,-2000,-30,0,195.2,https://pleiades.stoa.org/places/633091639,
pl-894128,Tell Bismaya,settlement,pin,33.23582,44.60469,-30,640,0,195.3,https://pleiades.stoa.org/places/894128,
pl-452758808,Ebursasa,"unlocated, temple-2",wash,32.53815,44.41309,-720,-540,0,195.4,https://pleiades.stoa.org/places/452758808,
pl-633091638,nu-x-ù,district,pin,32.52797,44.41351,-1600,-30,0,195.4,https://pleiades.stoa.org/places/633091638,
pl-633091640,Bāb-Lugalerra,district,pin,32.53815,44.41309,-2000,-30,0,195.4,https://pleiades.stoa.org/places/633091640,
pl-699978029,Enunmah,"unlocated, temple-2",wash,32.53815,44.41309,-720,-540,0,195.4,https://pleiades.stoa.org/places/699978029,
pl-223954669,Adad Gate,"unlocated, city-gate",pin,32.52517,44.41136,-1600,2099,0,195.6,https://pleiades.stoa.org/places/223954669,
pl-864970041,Tall Sabā,findspot,pin,33.46390,44.75130,,,0,195.6,https://pleiades.stoa.org/places/864970041,
pl-897449051,King's Gate,"unlocated, city-gate",pin,32.53141,44.40755,-1600,2099,0,195.9,https://pleiades.stoa.org/places/897449051,
pl-699734505,Tall al-Gharrān,archaeological-site,pin,32.62440,44.40830,-1000,2100,0,196.3,https://pleiades.stoa.org/places/699734505,
pl-533938999,Tall Abū al-Dhahab,archaeological-site,pin,30.73820,46.69260,-2000,2100,0,196.4,https://pleiades.stoa.org/places/533938999,
pl-894084,Seleucia/Sliq Kharawta,"urban, settlement",pin,33.09790,44.52377,-330,1999,0,196.6,https://pleiades.stoa.org/places/894084,
pl-894178,Veh Ardashir/Coche/Mahoza/‘Seleucia’,"urban, findspot, settlement, archaeological-site",pin,33.09518,44.52099,-720,2100,0,196.7,https://pleiades.stoa.org/places/894178,
pl-459393126,Tchogha Zanbil,"settlement, archaeological-site",pin,32.00839,48.52177,-3200,2100,0,197.0,https://pleiades.stoa.org/places/459393126,
pl-912835,Dez/Hithite/Hudhud/Koprates? (river),river,pin,32.24334,48.58325,1700,2100,0,197.1,https://pleiades.stoa.org/places/912835,
pl-90720956,Eshnunna,settlement,pin,33.48448,44.72814,-4000,2100,0,198.6,https://pleiades.stoa.org/places/90720956,
pl-127620793,Dah-i Nū,archaeological-site,pin,32.06643,48.56844,-3000,2100,0,199.5,https://pleiades.stoa.org/places/127620793,
pl-653436097,Khān Ḥaswā,findspot,pin,32.82770,44.40160,1700,2100,0,199.8,https://pleiades.stoa.org/places/653436097,
pl-677441130,Kuhanak,findspot,pin,32.26830,48.61850,1700,2100,0,200.0,https://pleiades.stoa.org/places/677441130,
pl-499411945,Chughā Pahn East,archaeological-site,pin,32.22910,48.61330,1700,2100,0,200.1,https://pleiades.stoa.org/places/499411945,
pl-357565832,Nērebtum,settlement,pin,33.30149,44.58310,-2335,2100,0,200.3,https://pleiades.stoa.org/places/357565832,
pl-897726,Balictanor,unlocated,wash,33.48790,44.70165,300,640,0,200.9,https://pleiades.stoa.org/places/897726,
pl-893964,Borsippa/Burs,"settlement, archaeological-site",pin,32.39240,44.34340,-2335,2100,0,202.2,https://pleiades.stoa.org/places/893964,
pl-184449166,Ezida,temple-2,pin,32.39236,44.34253,-2000,-100,0,202.3,https://pleiades.stoa.org/places/184449166,
pl-777728190,Eurmeiminanki,temple-2,pin,32.39177,44.34173,-720,-100,0,202.4,https://pleiades.stoa.org/places/777728190,
pl-400449190,Tall Abū Ṣālabīkh,"findspot, archaeological-site",pin,30.75460,47.13400,1700,2100,0,202.6,https://pleiades.stoa.org/places/400449190,
pl-912886,KS907,settlement,pin,32.11328,48.61616,-30,640,0,202.7,https://pleiades.stoa.org/places/912886,
pl-894123,Tell al-Umfuggar,settlement,pin,32.90515,44.38794,-750,300,0,202.8,https://pleiades.stoa.org/places/894123,
pl-912887,KS920,settlement,pin,32.09952,48.62327,-30,640,0,203.7,https://pleiades.stoa.org/places/912887,
pl-903064,Khurramabad/Shapur Khwast?,settlement,pin,33.46674,48.34991,-1200,2000,0,203.7,https://pleiades.stoa.org/places/903064,
pl-912800,[(al-)Hir(t)a]/Ertha?,settlement,pin,31.88332,44.44985,300,1599,0,203.8,https://pleiades.stoa.org/places/912800,
pl-912891,KS956,settlement,pin,32.20162,48.65711,-30,640,0,204.6,https://pleiades.stoa.org/places/912891,
pl-912893,KS990,settlement,pin,32.09098,48.63182,-30,640,0,204.7,https://pleiades.stoa.org/places/912893,
pl-581862460,Tell Ischali,settlement,pin,33.32356,44.53946,-2950,2100,0,205.0,https://pleiades.stoa.org/places/581862460,
pl-490043590,Ḫafāǧa,"findspot, settlement",pin,33.35571,44.55601,-6200,2100,0,205.3,https://pleiades.stoa.org/places/490043590,
pl-912892,KS989,settlement,pin,32.08053,48.63846,-30,640,0,205.5,https://pleiades.stoa.org/places/912892,
pl-912894,KS992,settlement,pin,32.08860,48.64748,-750,-330,0,206.2,https://pleiades.stoa.org/places/912894,
pl-912888,KS930,settlement,pin,32.12040,48.65887,-330,300,0,206.5,https://pleiades.stoa.org/places/912888,
pl-894117,Tell al-Hafa'ir,settlement,pin,34.00767,45.20525,-30,640,0,206.6,https://pleiades.stoa.org/places/894117,
pl-894138,Tell Isheiri/Nahrawan?,settlement,pin,33.43193,44.58352,-30,640,0,207.1,https://pleiades.stoa.org/places/894138,
pl-912890,KS954,settlement,pin,32.19150,48.68242,-30,640,0,207.2,https://pleiades.stoa.org/places/912890,
pl-912984,Umm Kheshm,cemetery,pin,31.83898,44.41195,-30,640,0,208.8,https://pleiades.stoa.org/places/912984,
pl-903102,[Qirmisin]/[Kermanshahan],"settlement, findspot",pin,34.31897,47.06924,-2600000,2100,0,208.8,https://pleiades.stoa.org/places/903102,
pl-894025,Khiut Rabbua,settlement,pin,33.37340,44.52282,-30,640,0,208.9,https://pleiades.stoa.org/places/894025,
pl-249999668,Diniktum,"settlement, findspot",pin,33.29729,44.47512,-2000,2100,0,209.2,https://pleiades.stoa.org/places/249999668,
pl-926147613,Sangtarashan,settlement,pin,33.23452,48.56165,-1500,2099,0,209.5,https://pleiades.stoa.org/places/926147613,
pl-894147,Tell Mahmudiya,settlement,pin,33.05314,44.36043,-750,-30,0,209.5,https://pleiades.stoa.org/places/894147,
pl-912808,Aqola/[al-Kufa],settlement,pin,32.00197,44.34069,300,1923,0,209.6,https://pleiades.stoa.org/places/912808,
pl-678313544,Zaralulu,"findspot, settlement, archaeological-site",pin,33.32294,44.48228,-2000,1923,0,209.8,https://pleiades.stoa.org/places/678313544,
pl-912819,Banu Lakhm,label,pin,31.95041,44.35025,300,640,0,210.3,https://pleiades.stoa.org/places/912819,
pl-912889,KS933,settlement,pin,32.11233,48.69922,-30,640,0,210.3,https://pleiades.stoa.org/places/912889,
pl-821129014,Shaduppum,"settlement, archaeological-site, findspot",pin,33.30980,44.46660,-2335,2100,0,210.5,https://pleiades.stoa.org/places/821129014,
pl-912823,Bet Huzai,"region, label",pin,31.68086,48.53259,300,640,0,210.9,https://pleiades.stoa.org/places/912823,
pl-894179,Vologesias?,settlement,pin,33.08569,44.34951,-330,640,0,211.6,https://pleiades.stoa.org/places/894179,
pl-903011,Deh-i No/Sakavand,cemetery,pin,34.23486,47.44667,-550,-30,0,212.0,https://pleiades.stoa.org/places/903011,
pl-912872,Jebel Khayabir/Alexandria?/Antiochia?/Spasinou Charax?/Karkh Maisan?/[Astarabad Ardashir]?,"urban, settlement",pin,30.80934,47.56280,-330,1999,0,212.4,https://pleiades.stoa.org/places/912872,
pl-893962,Bint al-Emir/Daskara?,settlement,pin,33.92460,44.98329,300,640,0,212.5,https://pleiades.stoa.org/places/893962,
pl-912923,Qadissiyya,settlement,pin,31.58333,44.50000,300,1599,0,213.1,https://pleiades.stoa.org/places/912923,
pl-903145,Zagrou Pylai?/Medike Pyle?,pass,pin,34.39978,46.11245,-330,640,0,214.0,https://pleiades.stoa.org/places/903145,
pl-903094,Otaq-i Farhad/Surkhadeh,cemetery,pin,34.26215,47.43303,-550,-30,0,214.2,https://pleiades.stoa.org/places/903094,
pl-77002492,Tall Ḥalāwah,"findspot, archaeological-site",pin,33.42569,44.48758,1700,2100,0,214.6,https://pleiades.stoa.org/places/77002492,
pl-903053,Kambadene/Kampa(n)da,label,pin,34.30722,47.32362,-330,300,0,214.9,https://pleiades.stoa.org/places/903053,
pl-894167,Tulul Khattab,"settlement, findspot",pin,33.47768,44.51279,-750,2100,0,215.4,https://pleiades.stoa.org/places/894167,
pl-902993,Baba Jan tepe,settlement,pin,34.02244,47.94155,-750,-330,0,216.3,https://pleiades.stoa.org/places/902993,
pl-392373882,Sippar-Amnanum,"findspot, settlement, archaeological-site",pin,33.09924,44.29924,-2000,2100,0,216.5,https://pleiades.stoa.org/places/392373882,
pl-695490820,Eulmaš,"unlocated, temple-2",wash,33.09928,44.29920,-720,-540,0,216.5,https://pleiades.stoa.org/places/695490820,
pl-662152,Cingilla,unlocated,wash,31.50000,44.50000,-30,300,0,217.7,https://pleiades.stoa.org/places/662152,
pl-282851781,Diyālā Survey,settlement,wash,33.50000,44.50000,-2335,-2000,0,217.7,https://pleiades.stoa.org/places/282851781,
pl-914310,Untitled,canal,wash,31.50000,48.50000,-30,640,0,217.7,https://pleiades.stoa.org/places/914310,
pl-674270,Thapsacus,unlocated,wash,31.50000,44.50000,-550,640,0,217.7,https://pleiades.stoa.org/places/674270,
pl-445186090,Rahi-ilu,"unlocated, settlement",wash,31.50000,44.50000,-1000,-720,0,217.7,https://pleiades.stoa.org/places/445186090,
pl-893979,D700,unknown,wash,33.50000,44.50000,-30,640,0,217.7,https://pleiades.stoa.org/places/893979,
pl-894049,Narmalcha/Nar-Sharri,canal,wash,33.50000,44.50000,-750,640,0,217.7,https://pleiades.stoa.org/places/894049,
pl-895436,Nahrawān Canal,canal,wash,33.50000,44.50000,-30,2099,0,217.7,https://pleiades.stoa.org/places/895436,
pl-897717,Arderikka,unlocated,wash,31.50000,44.50000,-550,-330,0,217.7,https://pleiades.stoa.org/places/897717,
pl-903126,Taq-i Bustan,monument,pin,34.38742,47.13214,300,2100,0,217.7,https://pleiades.stoa.org/places/903126,
pl-903744,Untitled,bridge,wash,33.50000,48.50000,300,640,0,217.7,https://pleiades.stoa.org/places/903744,
pl-903127,Taq-i Girra,monument,pin,34.43305,46.07918,300,640,0,218.2,https://pleiades.stoa.org/places/903127,
pl-516112953,Tapah Gutwand,"findspot, archaeological-site",pin,32.23630,48.81490,1700,2100,0,218.7,https://pleiades.stoa.org/places/516112953,
pl-912961,Tell Nahr 'Umar,settlement,pin,30.77267,47.62361,-330,640,0,218.7,https://pleiades.stoa.org/places/912961,
pl-258772565,Ekinu,"unlocated, temple-2",wash,33.05784,44.25661,-720,-540,0,219.0,https://pleiades.stoa.org/places/258772565,
pl-401704033,Ekurra,"unlocated, temple-2",wash,33.05784,44.25661,-720,-540,0,219.0,https://pleiades.stoa.org/places/401704033,
pl-486195822,Baduldua,city-wall,pin,33.06322,44.25563,-2000,-540,0,219.2,https://pleiades.stoa.org/places/486195822,
pl-893952,Bagdata,"settlement, settlement-modern",pin,33.32167,44.37032,-1600,2099,0,219.2,https://pleiades.stoa.org/places/893952,
pl-894087,Shahraban,settlement,pin,33.97387,44.94208,-30,640,0,219.2,https://pleiades.stoa.org/places/894087,
pl-894089,Sippar,"settlement, archaeological-site, findspot",pin,33.05974,44.25424,-750,2100,0,219.2,https://pleiades.stoa.org/places/894089,
pl-209082201,Ebabbar,temple-2,pin,33.05893,44.25194,-2335,-540,0,219.4,https://pleiades.stoa.org/places/209082201,
pl-401704034,Ekunankuga,temple-2,pin,33.05839,44.25138,-2000,2100,0,219.4,https://pleiades.stoa.org/places/401704034,
pl-894020,Karastel/Artemita?,settlement,pin,33.88109,44.82209,-330,640,0,219.5,https://pleiades.stoa.org/places/894020,
pl-894125,Tell Aswad,settlement,pin,33.22737,44.31566,-550,640,0,219.9,https://pleiades.stoa.org/places/894125,
pl-896945,Wall of Media,"earthwork, archaeological-site",pin,33.12160,44.26980,-550,2100,0,219.9,https://pleiades.stoa.org/places/896945,
pl-307806633,Tepe Abdul Hosein,settlement,pin,33.82959,48.25765,-10000,-3300,0,221.0,https://pleiades.stoa.org/places/307806633,
pl-903040,Harsin/Eran-asan-kar-Kavad?,settlement,pin,34.27182,47.58060,-30,640,0,221.2,https://pleiades.stoa.org/places/903040,
pl-912899,Maghlub/Forat?/Perat de Meshan?/Bahman Ardashir?/‘Oratha’?/Furat al-Basra?,settlement,pin,30.78270,47.70108,-30,640,0,221.3,https://pleiades.stoa.org/places/912899,
pl-816619466,Eridu Ur Survey,settlement,wash,30.50000,46.50000,-2335,-2000,0,222.0,https://pleiades.stoa.org/places/816619466,
pl-903049,Jameh Shuran,unknown,wash,34.50000,46.50000,-550,1999,0,222.0,https://pleiades.stoa.org/places/903049,
pl-903019,Dukkan-i Daud,cemetery,pin,34.44017,45.89758,-550,-30,0,222.6,https://pleiades.stoa.org/places/903019,
pl-894118,Tell al-Hargawi,settlement,pin,33.06025,44.20223,-750,-30,0,223.9,https://pleiades.stoa.org/places/894118,
pl-894110,Tell Abu Qubur,"settlement, archaeological-site",pin,33.14540,44.21850,-750,2100,0,225.3,https://pleiades.stoa.org/places/894110,
pl-581364526,Band-e Kaisar,"bridge, dam",pin,32.05332,48.84850,-30,640,0,225.4,https://pleiades.stoa.org/places/581364526,
pl-912941,Sostrate/Shushtar,settlement,pin,32.05000,48.85000,-3200,2000,0,225.6,https://pleiades.stoa.org/places/912941,
pl-912834,Dastova,settlement,pin,32.04330,48.85043,-330,640,0,225.8,https://pleiades.stoa.org/places/912834,
pl-986129161,Sar-i Pol-i Zohāb,"findspot, archaeological-site",pin,34.46330,45.86920,1700,2100,0,225.8,https://pleiades.stoa.org/places/986129161,
pl-903043,[Hulwan]/Valashfarr/Beth Lashpar/Chala/Albania,settlement,pin,34.46511,45.85589,-750,1599,0,226.3,https://pleiades.stoa.org/places/903043,
pl-489043288,Sulaiymah,"findspot, archaeological-site, tell",pin,34.16776,45.10355,1700,2100,0,226.6,https://pleiades.stoa.org/places/489043288,
pl-903002,Bisutun/Bagistana/Vastan?/Baptana,"settlement, archaeological-site, monument",pin,34.38810,47.43180,-750,2100,0,227.0,https://pleiades.stoa.org/places/903002,
pl-903740,Untitled,bridge,pin,34.37647,47.46288,300,640,0,227.0,https://pleiades.stoa.org/places/903740,
pl-733639419,Tapah Khībr,archaeological-site,pin,34.54320,46.64130,1700,2100,0,227.2,https://pleiades.stoa.org/places/733639419,
pl-902996,Bagistanus (mountain),"mountain, monument",pin,34.39046,47.43596,-750,300,0,227.4,https://pleiades.stoa.org/places/902996,
pl-894013,[Jalula],settlement,pin,34.18639,45.11833,300,640,0,227.5,https://pleiades.stoa.org/places/894013,
pl-517835021,Tell Zubeidi,tell,pin,34.18439,45.04777,-1600,-1000,0,231.2,https://pleiades.stoa.org/places/517835021,
pl-768519684,Tell Abbas,tell,pin,34.18289,45.04392,-330,300,0,231.2,https://pleiades.stoa.org/places/768519684,
pl-191400484,Luristan,region,pin,33.50000,48.66667,1700,2100,0,231.2,https://pleiades.stoa.org/places/191400484,
pl-733857262,Meturant,archaeological-site,pin,34.19290,45.05790,1700,2100,0,231.4,https://pleiades.stoa.org/places/733857262,
pl-894042,Me-Turnat,"settlement, archaeological-site",pin,34.19280,45.05630,-750,2100,0,231.5,https://pleiades.stoa.org/places/894042,
pl-894127,Tell Baradan,"settlement, archaeological-site",pin,34.19100,45.05120,-330,2100,0,231.6,https://pleiades.stoa.org/places/894127,
pl-402975098,Temple District of Me-Turnat,district,wash,34.21455,45.08484,-720,-540,0,231.9,https://pleiades.stoa.org/places/402975098,
pl-168064512,Ešahula,"unlocated, temple-2",wash,34.21455,45.08484,-720,-540,0,231.9,https://pleiades.stoa.org/places/168064512,
pl-894188,Zindan/Dastagird?,settlement,pin,33.89704,44.65276,300,640,0,232.3,https://pleiades.stoa.org/places/894188,
pl-986129160,Tall Zubīdī,"findspot, archaeological-site",pin,34.19820,45.03120,1700,2100,0,233.3,https://pleiades.stoa.org/places/986129160,
pl-47886134,Tell Sabra,tell,pin,34.20028,45.01671,-3300,-30,0,234.3,https://pleiades.stoa.org/places/47886134,
pl-66596280,Tell Imlihiye,tell,pin,34.18515,44.99104,-1600,-1000,0,234.4,https://pleiades.stoa.org/places/66596280,
pl-928982900,Tall Imlīḥiyah,archaeological-site,pin,34.19610,45.00300,1700,2100,0,234.7,https://pleiades.stoa.org/places/928982900,
pl-893984,‘Diabas’/Turnat (river),river,pin,34.27864,45.13760,-30,2100,0,235.0,https://pleiades.stoa.org/places/893984,
pl-897772,Gyndes (river),river,pin,34.27777,45.13743,-550,2100,0,235.0,https://pleiades.stoa.org/places/897772,
pl-893988,Dur-(Kuri)galzu,"settlement, archaeological-site, temple-2",pin,33.35607,44.19742,-2000,2100,0,235.6,https://pleiades.stoa.org/places/893988,
pl-894051,Neardea?,settlement,pin,33.09889,44.08018,-330,640,0,236.1,https://pleiades.stoa.org/places/894051,
pl-903100,Qaleh-i Yazdigird,settlement,pin,34.58576,45.99643,-30,640,0,236.3,https://pleiades.stoa.org/places/903100,
pl-420860522,Zalu Ab,"findspot, settlement-modern",pin,34.63049,46.57977,1700,2100,0,236.6,https://pleiades.stoa.org/places/420860522,
pl-894105,Tell Ababra,settlement,pin,34.26671,45.07100,-550,640,0,237.4,https://pleiades.stoa.org/places/894105,
pl-894134,Tell Gubba,fort,pin,34.25850,45.04414,-750,-330,0,238.1,https://pleiades.stoa.org/places/894134,
pl-897862,Tiona/Titana (river),"unlocated, river",pin,34.43720,45.40618,300,2100,0,238.2,https://pleiades.stoa.org/places/897862,
pl-894071,Qasr-i Shirin,settlement,pin,34.51417,45.57605,300,640,0,239.7,https://pleiades.stoa.org/places/894071,
pl-213630462,Tell Aḥmad al-Ḥattū,"cemetery, tell",pin,34.25793,45.00152,-2950,-2350,0,240.3,https://pleiades.stoa.org/places/213630462,
pl-893968,[Buzurg Shapur]/[Ukbara],settlement,pin,33.87281,44.50800,-30,1599,0,240.8,https://pleiades.stoa.org/places/893968,
pl-912918,Pasitigris? (river),river,wash,30.50000,47.50000,-330,2100,0,240.9,https://pleiades.stoa.org/places/912918,
pl-914308,Untitled,canal,wash,30.50000,47.50000,-550,-30,0,240.9,https://pleiades.stoa.org/places/914308,
pl-905247,Untitled,wall-2,wash,34.50000,45.50000,-30,640,0,240.9,https://pleiades.stoa.org/places/905247,
pl-912927,Rostag Kavad/[Askar Mukram],settlement,pin,31.65750,48.88096,-30,640,0,241.7,https://pleiades.stoa.org/places/912927,
pl-286799422,Tall Yalkhī,"findspot, archaeological-site",pin,34.28560,45.00120,1700,2100,0,242.8,https://pleiades.stoa.org/places/286799422,
pl-509596319,Tell Yelkhi,"archaeological-site, tell",pin,34.28563,45.00165,-3000,2099,0,242.8,https://pleiades.stoa.org/places/509596319,
pl-912865,Hurmizd Ardashir/[Suq al-Ahwaz],settlement,pin,31.31671,48.68438,-1200,2000,0,243.0,https://pleiades.stoa.org/places/912865,
pl-894121,Tell al-Mas'ud,settlement,pin,33.71724,44.33200,-30,640,0,243.8,https://pleiades.stoa.org/places/894121,
pl-365451572,Tell Halawa,tell,pin,34.29317,44.99397,-2950,640,0,243.9,https://pleiades.stoa.org/places/365451572,
pl-894119,Tell al-Ilaimi,settlement,pin,33.24863,44.02555,-30,640,0,246.1,https://pleiades.stoa.org/places/894119,
pl-903105,Ravansar,cemetery,pin,34.71667,46.66667,-550,-30,0,246.5,https://pleiades.stoa.org/places/903105,
pl-894108,Tell Abu Jelamid,settlement,pin,33.92133,44.47570,300,640,0,246.6,https://pleiades.stoa.org/places/894108,
pl-894139,Tell Ishnayt/Awana?,settlement,pin,33.85360,44.40440,-30,640,0,247.1,https://pleiades.stoa.org/places/894139,
pl-903012,Denabaran/Dinawar,settlement,pin,34.58434,47.43973,-330,1599,0,247.5,https://pleiades.stoa.org/places/903012,
pl-609518824,Tepe Giyan,"settlement, tell",pin,34.18163,48.24366,1700,2100,0,248.0,https://pleiades.stoa.org/places/609518824,
pl-903108,Sahneh,cemetery,pin,34.48993,47.70516,-550,-30,0,248.0,https://pleiades.stoa.org/places/903108,
pl-894100,al-Tar,cemetery,pin,32.39738,43.81050,-30,300,0,252.0,https://pleiades.stoa.org/places/894100,
pl-912807,Apologos/[al-Ubulla],settlement,pin,30.52171,47.83315,-330,1599,0,252.6,https://pleiades.stoa.org/places/912807,
pl-912821,[Basra],"settlement, port",pin,30.50322,47.82064,-1200,2100,0,253.8,https://pleiades.stoa.org/places/912821,
pl-894150,Tell Miskin/Maskin?,settlement,pin,33.90229,44.35552,-30,640,0,254.0,https://pleiades.stoa.org/places/894150,
pl-894104,Tell Abqa,settlement,pin,34.38162,44.93397,-30,640,0,255.2,https://pleiades.stoa.org/places/894104,
pl-893931,Abu Shiafa,settlement,pin,34.38318,44.91448,300,640,0,256.4,https://pleiades.stoa.org/places/893931,
pl-903088,Nemavand/Laodicea/Niphaunda,"settlement, findspot",pin,34.18890,48.37690,-2000,2100,0,256.9,https://pleiades.stoa.org/places/903088,
pl-903141,Vindirni,settlement,pin,34.79704,47.02423,-30,640,0,259.7,https://pleiades.stoa.org/places/903141,
pl-897847,Sittace,"unlocated, settlement",wash,34.08800,44.45551,-550,300,0,260.2,https://pleiades.stoa.org/places/897847,
pl-261829930,Anahita Temple,temple-2,pin,34.50167,47.95944,,,0,260.8,https://pleiades.stoa.org/places/261829930,
pl-903054,[Kangavar]/Concobar,settlement,pin,34.50289,47.95571,-330,640,0,260.8,https://pleiades.stoa.org/places/903054,
pl-894076,Qusair,settlement,pin,32.50199,43.66177,300,640,0,265.7,https://pleiades.stoa.org/places/894076,
pl-894163,Tulul al-Hibir,settlement,pin,33.97223,44.24975,-30,640,0,266.6,https://pleiades.stoa.org/places/894163,
pl-903035,Godin tepe,"settlement, archaeological-site",pin,34.51839,48.06857,-750,2100,0,267.9,https://pleiades.stoa.org/places/903035,
pl-912906,Masjid-i Suleiman,settlement,pin,31.93454,49.29332,-330,2099,0,268.9,https://pleiades.stoa.org/places/912906,
pl-912820,Bard-i Nishande,"temple-2, monument",pin,32.03529,49.33459,-1000,2100,0,270.3,https://pleiades.stoa.org/places/912820,
pl-894166,Tulul al-Ukhaidhir/[Qasr Muqatil]?,settlement,pin,32.44318,43.60235,300,640,0,271.3,https://pleiades.stoa.org/places/894166,
pl-912879,Karun (river),river,pin,31.72362,49.26572,1700,2100,0,272.9,https://pleiades.stoa.org/places/912879,
pl-811827554,Najafabad,"settlement, archaeological-site, settlement-modern, findspot",pin,34.65238,47.97517,-1000,2100,0,276.0,https://pleiades.stoa.org/places/811827554,
pl-155838204,Tang-i Var Rock Relief,"archaeological-site, settlement-modern, monument",pin,35.00426,46.62360,-720,2100,0,278.2,https://pleiades.stoa.org/places/155838204,
pl-894043,Misiche/Peroz-Shapur/Anbar/Pumbedita/Pallughtha,settlement,pin,33.37861,43.71583,-30,1599,0,278.3,https://pleiades.stoa.org/places/894043,
pl-930209893,Tall Jūkha,archaeological-site,pin,33.34240,43.69180,1700,2100,0,279.0,https://pleiades.stoa.org/places/930209893,
pl-830124755,Tall Ghaḍaiyrīfah,"findspot, archaeological-site",pin,34.18180,44.26490,-3000,2100,0,280.4,https://pleiades.stoa.org/places/830124755,
pl-890432540,Karbalāʾ,settlement,wash,32.50000,43.50000,-1200,2000,0,280.8,https://pleiades.stoa.org/places/890432540,
pl-894031,La(h)ir?,settlement,pin,34.68847,44.96507,-750,-330,0,282.2,https://pleiades.stoa.org/places/894031,
pl-894078,Radani (river),river,pin,34.39626,44.43066,300,2100,0,286.1,https://pleiades.stoa.org/places/894078,
pl-903131,Tepe Nush-i Jan,"settlement, tell",pin,34.36553,48.63317,-800,1999,0,287.7,https://pleiades.stoa.org/places/903131,
pl-903010,Deh Bozan,settlement,pin,34.70917,48.13011,-550,1999,0,288.8,https://pleiades.stoa.org/places/903010,
pl-211425280,Ābādān (settlement),"settlement, settlement-modern",pin,30.35655,48.27744,-1200,2099,0,290.3,https://pleiades.stoa.org/places/211425280,
pl-735896020,Īwān Kisrā,settlement,wash,34.50000,48.50000,750,940,0,290.4,https://pleiades.stoa.org/places/735896020,
pl-895435,Untitled,canal,wash,34.50000,44.50000,-30,640,0,290.4,https://pleiades.stoa.org/places/895435,
pl-204859816,Nisāya / Nisaian plain,"plain, region",wash,34.69737,48.18777,-540,-330,0,290.6,https://pleiades.stoa.org/places/204859816,
pl-903077,Malaver,settlement,pin,34.30651,48.82887,-30,640,0,296.2,https://pleiades.stoa.org/places/903077,
pl-893965,Burj al-Qa'im,temple,pin,34.10361,43.96047,300,640,0,297.0,https://pleiades.stoa.org/places/893965,
pl-903737,Untitled,bridge,pin,35.13471,45.94655,-30,640,0,297.0,https://pleiades.stoa.org/places/903737,
pl-702110864,Tall Gasir,archaeological-site,pin,31.35970,49.41490,1700,2100,0,300.8,https://pleiades.stoa.org/places/702110864,
pl-894058,Paikuli,"fort, monument",pin,35.10000,45.58333,-30,550,0,301.1,https://pleiades.stoa.org/places/894058,
pl-427908132,Tall-e Geser,settlement,pin,31.35826,49.41940,-6500,2100,0,301.3,https://pleiades.stoa.org/places/427908132,
pl-895434,Untitled,canal,wash,33.50000,43.50000,-750,-330,0,302.0,https://pleiades.stoa.org/places/895434,
pl-896943,Untitled,wall-2,wash,33.50000,43.50000,-30,1999,0,302.0,https://pleiades.stoa.org/places/896943,
pl-896944,Untitled,wall-2,wash,33.50000,43.50000,-30,640,0,302.0,https://pleiades.stoa.org/places/896944,
pl-876875509,Tell es-Sawwan,"archaeological-site, tell",pin,34.12100,43.90509,-5000,2099,0,302.3,https://pleiades.stoa.org/places/876875509,
pl-912934,Shami,"sanctuary, settlement",pin,32.05335,49.69034,-330,2099,0,302.8,https://pleiades.stoa.org/places/912934,
pl-590282460,Parthian empire,state,wash,34.19512,49.04723,2000,2099,0,303.8,https://pleiades.stoa.org/places/590282460,
pl-912842,Elam,"region, label",pin,31.69957,49.61816,-2000,640,0,305.1,https://pleiades.stoa.org/places/912842,
pl-48906852,Bakr Āwā,"archaeological-site, citadel",pin,35.22153,45.94026,1700,2100,0,306.6,https://pleiades.stoa.org/places/48906852,
pl-912871,Jarrahi/Hedyphon? (river),river,pin,30.80148,49.10390,-330,2100,0,308.2,https://pleiades.stoa.org/places/912871,
pl-894082,[Samarra]/‘Sumere’,"settlement, archaeological-site, findspot",pin,34.20012,43.87673,-6200,2100,0,309.7,https://pleiades.stoa.org/places/894082,
pl-903032,Ganj Nameh,"archaeological-site, monument",pin,34.76220,48.43730,-550,2100,0,309.8,https://pleiades.stoa.org/places/903032,
pl-913552,Untitled,bridge,pin,32.06510,49.81086,-30,640,0,313.7,https://pleiades.stoa.org/places/913552,
pl-903063,Khurmal/Syarazur?/Siasouron?,settlement,pin,35.29948,46.03589,-30,640,0,313.8,https://pleiades.stoa.org/places/903063,
pl-912965,Tisiyan,settlement,pin,32.02206,49.81212,-330,300,0,314.6,https://pleiades.stoa.org/places/912965,
pl-912862,Hung-i Kamalvand,monument,pin,31.94485,49.80200,-30,300,0,315.2,https://pleiades.stoa.org/places/912862,
pl-912830,Chogha Qal,settlement,pin,31.87438,49.79244,-330,640,0,316.0,https://pleiades.stoa.org/places/912830,
pl-996415846,Ābādān (island),island,pin,30.17077,48.45267,2000,2099,0,316.6,https://pleiades.stoa.org/places/996415846,
pl-912864,Hung-i Yar-i 'Alivand,monument,pin,31.93283,49.81782,-30,300,0,316.9,https://pleiades.stoa.org/places/912864,
pl-912916,Ouxioi,label,pin,31.84017,49.80084,-330,300,0,317.6,https://pleiades.stoa.org/places/912916,
pl-320150993,Ṭūz Khūrmātū,findspot,pin,34.88780,44.62673,1700,2100,0,317.8,https://pleiades.stoa.org/places/320150993,
pl-903021,Ecbatana/Hagmatana/Achmeta/Epiphaneia/Ahmadan,"settlement, archaeological-site",pin,34.80556,48.51641,-1200,2100,0,318.0,https://pleiades.stoa.org/places/903021,
pl-897713,Apphadana,"unlocated, island",wash,30.15803,48.45894,-330,300,0,318.1,https://pleiades.stoa.org/places/897713,
pl-912863,Hung-i Nauruzi/Hung-i Azdar,monument,pin,31.92713,49.84313,-30,300,0,319.4,https://pleiades.stoa.org/places/912863,
pl-912926,Ram Hurmizd,settlement,pin,31.28217,49.60861,-30,640,0,320.9,https://pleiades.stoa.org/places/912926,
pl-915063,Untitled,dam,pin,30.99819,49.43203,300,640,0,321.1,https://pleiades.stoa.org/places/915063,
pl-692884010,Tapah Barmī,"findspot, archaeological-site",pin,31.24132,49.59005,1700,2100,0,321.3,https://pleiades.stoa.org/places/692884010,
pl-912870,Ja Nishin/Soloke?/Seleucia?/Surak?,settlement,pin,30.98722,49.42671,-330,2099,0,321.4,https://pleiades.stoa.org/places/912870,
pl-464734507,Ishkaft Salmān,monument,pin,31.81657,49.84756,1700,2100,0,322.4,https://pleiades.stoa.org/places/464734507,
pl-197229380,Īzah,archaeological-site,pin,31.83870,49.86950,1700,2100,0,323.9,https://pleiades.stoa.org/places/197229380,
pl-894022,[Karkh Firuz]/‘Charcha’,settlement,pin,34.35834,43.79310,-30,640,0,326.8,https://pleiades.stoa.org/places/894022,
pl-344426956,"Yasin Tepe, Sualymaniayh",tell,pin,35.35990,45.64992,-1000,-1,0,327.3,https://pleiades.stoa.org/places/344426956,
pl-656082517,Kūlfaraḥ,monument,pin,31.87149,49.92810,1700,2100,0,328.4,https://pleiades.stoa.org/places/656082517,
pl-140233914,Bestansur,settlement,pin,35.37682,45.64572,-10000,2100,0,329.2,https://pleiades.stoa.org/places/140233914,
pl-894040,[al-Mahuza],settlement,pin,34.40559,43.78627,300,640,0,330.6,https://pleiades.stoa.org/places/894040,
pl-912963,Tell Tendy,settlement,pin,30.85480,49.47160,-550,300,0,332.8,https://pleiades.stoa.org/places/912963,
pl-903738,Untitled,bridge,wash,35.50000,46.50000,-30,640,0,333.0,https://pleiades.stoa.org/places/903738,
pl-903739,Untitled,bridge,wash,35.50000,46.50000,-30,640,0,333.0,https://pleiades.stoa.org/places/903739,
pl-858969850,Qal’eh-i Imam,"fort-2, fort-group, findspot, archaeological-site, castle, settlement",pin,35.48967,46.17784,1300,2100,0,333.2,https://pleiades.stoa.org/places/858969850,
pl-893989,Dura,settlement,pin,34.45901,43.79525,-330,640,0,333.8,https://pleiades.stoa.org/places/893989,
pl-472006569,Tell Tabareh,"settlement, tell",pin,30.80467,49.49975,-300,2099,0,338.0,https://pleiades.stoa.org/places/472006569,
pl-875370975,Bahra 1,settlement,pin,29.63635,47.95522,-6500,-3800,0,345.8,https://pleiades.stoa.org/places/875370975,
pl-912809,Arabia,region,wash,29.50000,45.50000,-750,640,0,345.9,https://pleiades.stoa.org/places/912809,
pl-300354631,al-Kuwait,settlement,wash,29.50000,47.50000,1683,2000,0,345.9,https://pleiades.stoa.org/places/300354631,
pl-903096,Paraetacene (region),"region, label",pin,33.17683,50.12616,-550,300,0,347.7,https://pleiades.stoa.org/places/903096,
pl-894034,Lashom,settlement,pin,35.05958,44.35167,300,640,0,348.1,https://pleiades.stoa.org/places/894034,
pl-349652622,Hazar Merd Cave,cave,pin,35.49392,45.31106,2000,2099,0,350.5,https://pleiades.stoa.org/places/349652622,
pl-893999,Garmakan/Beth Garmai,"region, label",pin,35.25550,44.64930,-30,640,0,351.5,https://pleiades.stoa.org/places/893999,
pl-681126640,Kūnārā,archaeological-site,pin,35.51922,45.35966,1700,2100,0,351.7,https://pleiades.stoa.org/places/681126640,
pl-894099,Takrit/Birta,"settlement, findspot",pin,34.60665,43.67695,-1200,2100,0,352.9,https://pleiades.stoa.org/places/894099,
pl-510671522,Sumere,settlement,wash,34.50000,43.50000,300,640,0,358.0,https://pleiades.stoa.org/places/510671522,
pl-894101,[Tartaru] (river),river,wash,34.50000,43.50000,,,0,358.0,https://pleiades.stoa.org/places/894101,
pl-895438,Untitled,canal,wash,34.50000,43.50000,300,640,0,358.0,https://pleiades.stoa.org/places/895438,
pl-847557245,Gamarga/Gadamala,settlement,wash,35.00664,48.94374,-330,-30,0,360.2,https://pleiades.stoa.org/places/847557245,
pl-56047710,Tall Sītak,"findspot, archaeological-site",pin,35.64190,45.50270,1700,2100,0,361.0,https://pleiades.stoa.org/places/56047710,
pl-743192303,Kānī Shāyah,archaeological-site,pin,35.55796,45.17639,-4000,2100,0,361.3,https://pleiades.stoa.org/places/743192303,
pl-903080,Media/Mad(aya) (region),"region, label",pin,35.04824,48.91933,-750,640,0,362.4,https://pleiades.stoa.org/places/903080,
pl-934295045,Gird-i Rostam,archaeological-site,pin,35.75280,45.91570,-3350,2100,0,365.2,https://pleiades.stoa.org/places/934295045,
pl-902985,Alvand/Orontes/Oroandes M.,mountain,pin,33.54501,50.20894,-550,2100,0,366.1,https://pleiades.stoa.org/places/902985,
pl-894008,Idu/Diacira/Hit,settlement,pin,33.64360,42.82150,-2000,2000,0,367.0,https://pleiades.stoa.org/places/894008,
pl-903037,Gurbayigan/[Jurbadhakan],settlement,pin,33.45265,50.28687,-30,640,0,369.9,https://pleiades.stoa.org/places/903037,
pl-393135871,Jarmo,settlement,pin,35.56667,44.91667,-9000,2100,0,371.3,https://pleiades.stoa.org/places/393135871,
pl-955698086,Jamjamāl,archaeological-site,pin,35.53669,44.83501,1700,2100,0,371.4,https://pleiades.stoa.org/places/955698086,
pl-912798,'Akkaz,"island, settlement, port",pin,29.35497,47.91585,-550,300,0,373.4,https://pleiades.stoa.org/places/912798,
pl-912964,Tigris/Diglitus (river),river,pin,34.92380,43.71230,-6200,2100,0,374.8,https://pleiades.stoa.org/places/912964,
pl-796733962,Al-Khiḍr  ,archaeological-site,pin,29.46570,48.28800,1700,2100,0,376.1,https://pleiades.stoa.org/places/796733962,
pl-912851,Failaka/Tell Khazne,settlement,pin,29.43370,48.27449,-750,1999,0,378.7,https://pleiades.stoa.org/places/912851,
pl-50163780,Tell F6 at Failaka,"temple-2, archaeological-site, palace, tell",pin,29.43184,48.27938,-2000,-1000,0,379.1,https://pleiades.stoa.org/places/50163780,
pl-664789877,Sa‘ad wa Sa‘ayd,"findspot, archaeological-site",pin,29.43040,48.27790,1700,2100,0,379.2,https://pleiades.stoa.org/places/664789877,
pl-300035018,Rabana-Merquly,fortified-settlement,pin,35.75060,45.22774,-100,-1,0,380.0,https://pleiades.stoa.org/places/300035018,
pl-799864070,Qarah Jatān,findspot,pin,35.74336,45.19302,1700,2100,0,380.2,https://pleiades.stoa.org/places/799864070,
pl-912948,Tang-i Sarvak,temple,pin,30.97673,50.14207,-30,300,0,380.6,https://pleiades.stoa.org/places/912948,
pl-912841,E-kara/Icarus (island),island,pin,29.43416,48.33120,-750,2100,0,381.0,https://pleiades.stoa.org/places/912841,
pl-912803,al-Qusur,settlement,pin,29.43876,48.34368,300,640,0,381.1,https://pleiades.stoa.org/places/912803,
pl-894054,[Nuzi],"settlement, archaeological-site",pin,35.37080,44.25477,-3000,2100,0,381.7,https://pleiades.stoa.org/places/894054,
pl-912837,Dilmun (region),"region, label",pin,29.37946,48.21537,-750,-330,0,381.8,https://pleiades.stoa.org/places/912837,
pl-893944,Arzuhin?,unknown,wash,35.50000,44.50000,-750,-330,0,382.0,https://pleiades.stoa.org/places/893944,
pl-893943,Arzuhin?,settlement,pin,35.54099,44.57560,-750,-330,0,382.6,https://pleiades.stoa.org/places/893943,
pl-813485298,Larak,"unlocated, settlement",wash,34.96001,43.62488,-3000,-540,0,383.4,https://pleiades.stoa.org/places/813485298,
pl-893941,Arrapha/Karkha de Beth Seluk,"settlement, archaeological-site, citadel",pin,35.46945,44.39562,-2600000,2100,0,384.0,https://pleiades.stoa.org/places/893941,
pl-356369838,Qattara?/Karana?,"settlement, archaeological-site",pin,34.70125,43.33428,-2950,2100,0,384.1,https://pleiades.stoa.org/places/356369838,
pl-588990229,Matarrah,settlement,pin,35.38379,44.19968,-10000,-3300,0,385.8,https://pleiades.stoa.org/places/588990229,
pl-894029,Kurh u kich,tomb,pin,35.75652,45.04458,-550,-30,0,386.3,https://pleiades.stoa.org/places/894029,
pl-894145,Tell Khan al-Legleg,settlement,pin,34.93438,43.52317,300,640,0,388.2,https://pleiades.stoa.org/places/894145,
pl-912992,Zoreh/Or(o)atis? (river),river,pin,30.34877,49.78642,-330,2100,0,389.5,https://pleiades.stoa.org/places/912992,
pl-915843,Chaldaea,region,wash,29.31618,48.26117,-720,640,0,390.0,https://pleiades.stoa.org/places/915843,
pl-894181,Wiranshehir,settlement,pin,35.41562,44.15654,-30,640,0,391.0,https://pleiades.stoa.org/places/894181,
pl-912875,Kai Ka'us,temple,pin,30.70713,50.13700,-30,640,0,394.4,https://pleiades.stoa.org/places/912875,
pl-894075,Qizqapan,tomb,pin,35.83189,44.95707,-550,-30,0,397.0,https://pleiades.stoa.org/places/894075,
pl-574198886,Tell al-Fakhar,"settlement, archaeological-site",pin,35.38110,43.97935,-2000,2100,0,397.4,https://pleiades.stoa.org/places/574198886,
pl-894130,Tell Buraich,settlement,pin,35.09940,43.54002,-30,640,0,400.0,https://pleiades.stoa.org/places/894130,
pl-825464459,Shīshīn,findspot,pin,33.97160,42.57400,1700,2100,0,402.2,https://pleiades.stoa.org/places/825464459,
pl-262881655,Kānī Bī,findspot,pin,35.88100,44.83580,1700,2100,0,406.3,https://pleiades.stoa.org/places/262881655,
pl-912989,Veh-az-Amid-Kavad/[Arragan],settlement,pin,30.66283,50.30914,300,1599,0,410.8,https://pleiades.stoa.org/places/912989,
pl-692346284,Idu,"findspot, archaeological-site",pin,35.87434,44.69676,1700,2100,0,410.8,https://pleiades.stoa.org/places/692346284,
pl-861709370,Khurha,"archaeological-site, temple-2, architecturalcomplex",pin,34.06444,50.48655,-330,-30,0,411.6,https://pleiades.stoa.org/places/861709370,
pl-903062,Khurheh,settlement,pin,34.07032,50.49164,-330,640,0,412.3,https://pleiades.stoa.org/places/903062,
pl-894068,Qal'a Jabbar,fort,pin,35.17454,43.41108,-30,640,0,414.4,https://pleiades.stoa.org/places/894068,
pl-532748466,Tell 'Ali,"settlement, archaeological-site",pin,35.38195,43.68170,-1600,2100,0,414.7,https://pleiades.stoa.org/places/532748466,
pl-894148,Tell Mahuz,"settlement, settlement-modern",pin,35.49234,43.83660,-720,2100,0,415.3,https://pleiades.stoa.org/places/894148,
pl-884172,Kul tepe,settlement,pin,36.10146,47.74433,-30,300,0,416.4,https://pleiades.stoa.org/places/884172,
pl-352540820,Tall al-‘Agāmiyya,findspot,pin,35.22490,43.43040,,,0,417.2,https://pleiades.stoa.org/places/352540820,
pl-894184,Zabas Mikros/Kapros?/Zerbis? (river),river,pin,35.97120,44.78235,-6200,2100,0,417.5,https://pleiades.stoa.org/places/894184,
pl-774922245,Chega Sofla,archaeological-site,pin,30.32489,50.14261,-10000,-3300,0,417.8,https://pleiades.stoa.org/places/774922245,
pl-894088,Shjara/[al-Sinn?],settlement,pin,35.22521,43.41937,300,640,0,417.9,https://pleiades.stoa.org/places/894088,
pl-86964096,Tall al-Farḥa,findspot,pin,35.26520,43.46120,,,0,418.5,https://pleiades.stoa.org/places/86964096,
pl-897699,Achaiachala,"island, settlement-modern, fort",pin,34.13526,42.37784,300,2100,0,426.5,https://pleiades.stoa.org/places/897699,
pl-894067,Qal'a al-Bint,fort,pin,35.27889,43.35044,-30,640,0,426.7,https://pleiades.stoa.org/places/894067,
pl-903087,Navish,temple,pin,34.67304,50.26106,300,640,0,426.8,https://pleiades.stoa.org/places/903087,
pl-894113,Tell Ajri,settlement,pin,35.05554,43.07374,-330,300,0,428.2,https://pleiades.stoa.org/places/894113,
pl-29816,Zagrus (mountain),mountain,wash,36.05928,44.70165,-330,300,0,429.5,https://pleiades.stoa.org/places/29816,
pl-532748467,Tell Bazmusian,"settlement, tell",wash,36.05928,44.70165,-6500,2100,0,429.5,https://pleiades.stoa.org/places/532748467,
pl-884107,Aba,settlement,pin,36.09734,48.25200,-30,300,0,431.7,https://pleiades.stoa.org/places/884107,
pl-912882,Khayrabad Bala,temple,pin,30.49944,50.46535,-30,640,0,432.6,https://pleiades.stoa.org/places/912882,
pl-62672820,Kūy Sīnjāq,findspot,pin,36.08480,44.62769,1700,2100,0,434.8,https://pleiades.stoa.org/places/62672820,
pl-913553,Untitled,bridge,wash,30.50000,50.50000,-30,640,0,435.3,https://pleiades.stoa.org/places/913553,
pl-913554,Untitled,bridge,wash,30.50000,50.50000,-30,640,0,435.3,https://pleiades.stoa.org/places/913554,
pl-896942,Untitled,wall-2,wash,34.50000,42.50000,-330,1999,0,435.3,https://pleiades.stoa.org/places/896942,
pl-645892849,Bash Tapa,"settlement, cemetery",pin,35.88109,44.00714,-3000,2100,0,441.9,https://pleiades.stoa.org/places/645892849,
pl-33470749,Tall Hanas,archaeological-site,pin,35.43680,43.28960,,,0,443.4,https://pleiades.stoa.org/places/33470749,
pl-758846965,Assur Archive 53,archive-repository,pin,35.45041,43.26251,-720,2099,0,446.2,https://pleiades.stoa.org/places/758846965,
pl-459415385,Assur Archive 16,archive-repository,pin,35.45583,43.26508,-720,2099,0,446.5,https://pleiades.stoa.org/places/459415385,
pl-757392272,Crown Prince's Palace at Assur,palace,pin,35.45588,43.26491,-720,2099,0,446.5,https://pleiades.stoa.org/places/757392272,
pl-794311060,Assur Archive 21,archive-repository,pin,35.45417,43.26236,-720,2099,0,446.5,https://pleiades.stoa.org/places/794311060,
pl-306065806,Assur Archive 20,archive-repository,pin,35.45664,43.26226,-720,2099,0,446.7,https://pleiades.stoa.org/places/306065806,
pl-943719502,Assur Archive 50,archive-repository,pin,35.45465,43.26112,-720,2099,0,446.7,https://pleiades.stoa.org/places/943719502,
pl-645045465,Assur Archive 23,archive-repository,wash,35.45578,43.26109,1900,2099,0,446.7,https://pleiades.stoa.org/places/645045465,
pl-893945,Ashur/‘Lamban’?/‘Liba(nai)’?,"settlement, archaeological-site",pin,35.45557,43.26130,-2950,2100,0,446.7,https://pleiades.stoa.org/places/893945,
pl-481246816,Assur Archive 45,archive-repository,pin,35.45467,43.25837,-720,2099,0,446.8,https://pleiades.stoa.org/places/481246816,
pl-919662720,Assur Archive 49,archive-repository,pin,35.45562,43.26047,-720,2099,0,446.8,https://pleiades.stoa.org/places/919662720,
pl-418089678,Assur Archive 19,archive-repository,pin,35.45816,43.26339,-720,2099,0,446.8,https://pleiades.stoa.org/places/418089678,
pl-919662719,Assur Archive 48,archive-repository,pin,35.45646,43.25938,-720,2099,0,446.9,https://pleiades.stoa.org/places/919662719,
pl-387051092,Assur Archive 47,archive-repository,pin,35.45646,43.25938,-720,2099,0,446.9,https://pleiades.stoa.org/places/387051092,
pl-62104825,Assur Archive 18,archive-repository,pin,35.45955,43.26151,-720,2099,0,447.0,https://pleiades.stoa.org/places/62104825,
pl-39588356,Assur Archive 44,archive-repository,pin,35.45494,43.25665,-720,2099,0,447.0,https://pleiades.stoa.org/places/39588356,
pl-408700256,Temple of Nabû of the ḫarû at Assur,temple-2,pin,35.45736,43.25859,-720,-540,0,447.0,https://pleiades.stoa.org/places/408700256,
pl-87246780,Assur Archive 52a,archive-repository,pin,35.45569,43.25778,-720,2099,0,447.0,https://pleiades.stoa.org/places/87246780,
pl-868586791,Assur Archive 42,archive-repository,pin,35.45494,43.25665,-720,2099,0,447.0,https://pleiades.stoa.org/places/868586791,
pl-452563773,Assur Archive 52b,archive-repository,pin,35.45569,43.25778,-720,2099,0,447.0,https://pleiades.stoa.org/places/452563773,
pl-921404713,Temple of Sîn and Šamaš at Assur,temple-2,pin,35.45806,43.25968,-2000,-540,0,447.0,https://pleiades.stoa.org/places/921404713,
pl-146128416,Assur Archive 41,archive-repository,pin,35.45494,43.25665,-720,2099,0,447.0,https://pleiades.stoa.org/places/146128416,
pl-431953965,Assur Archive 43,archive-repository,pin,35.45494,43.25665,-720,2099,0,447.0,https://pleiades.stoa.org/places/431953965,
pl-637947000,Assur Archive 51,archive-repository,pin,35.45955,43.26151,-720,2099,0,447.0,https://pleiades.stoa.org/places/637947000,
pl-457530554,Temple of Aššur at Assur,temple-2,pin,35.46032,43.26274,-2335,-540,0,447.0,https://pleiades.stoa.org/places/457530554,
pl-240181514,Assur Archive 22,archive-repository,pin,35.45494,43.25665,-720,2099,0,447.0,https://pleiades.stoa.org/places/240181514,
pl-62104824,Assur Archive 15 (N 1),archive-repository,pin,35.46058,43.26211,-720,2099,0,447.1,https://pleiades.stoa.org/places/62104824,
pl-481246817,Assur Archive 46,archive-repository,pin,35.45723,43.25744,-720,2099,0,447.1,https://pleiades.stoa.org/places/481246817,
pl-881209103,Great Ziggurat of Aššur at Assur,ziggurat,pin,35.45970,43.26116,-10000,-540,0,447.1,https://pleiades.stoa.org/places/881209103,
pl-135066932,Old Palace at Assur,"palace-complex, architecturalcomplex, palace",pin,35.45905,43.25995,-2000,2099,0,447.1,https://pleiades.stoa.org/places/135066932,
pl-530793920,Assur Archive 17,archive-repository,pin,35.45916,43.26005,-720,2099,0,447.1,https://pleiades.stoa.org/places/530793920,
pl-299219557,Temple of Ishtar at Assur,temple-2,pin,35.45762,43.25844,-2950,2099,0,447.1,https://pleiades.stoa.org/places/299219557,
pl-142665417,Assur Archive 27,archive-repository,pin,35.45813,43.25741,-720,2099,0,447.2,https://pleiades.stoa.org/places/142665417,
pl-34026796,Assur Archive 39,archive-repository,pin,35.45624,43.25473,-720,2099,0,447.2,https://pleiades.stoa.org/places/34026796,
pl-146128415,Assur Archive 40,archive-repository,pin,35.45624,43.25473,-720,2099,0,447.2,https://pleiades.stoa.org/places/146128415,
pl-536694247,Temple of Anu and Adad at Assur,"temple-2, ziggurat",pin,35.45890,43.25823,-2000,-540,0,447.2,https://pleiades.stoa.org/places/536694247,
pl-755488463,Assur Archive 28,archive-repository,pin,35.45813,43.25741,-720,2099,0,447.2,https://pleiades.stoa.org/places/755488463,
pl-621925238,Assur Archive 26,archive-repository,pin,35.45813,43.25741,-720,2099,0,447.2,https://pleiades.stoa.org/places/621925238,
pl-587704578,Assur Archive 29,archive-repository,pin,35.45865,43.25662,-720,2099,0,447.3,https://pleiades.stoa.org/places/587704578,
pl-772486313,Assur Archive 31,archive-repository,pin,35.45813,43.25617,-720,2099,0,447.3,https://pleiades.stoa.org/places/772486313,
pl-772486314,Assur Archive 32,archive-repository,pin,35.45813,43.25617,-720,2099,0,447.3,https://pleiades.stoa.org/places/772486314,
pl-772486315,Assur Archive 33,archive-repository,pin,35.45813,43.25617,-720,2099,0,447.3,https://pleiades.stoa.org/places/772486315,
pl-281201084,New Palace at Assur,"palace-complex, palace",pin,35.45817,43.25612,-1600,2099,0,447.3,https://pleiades.stoa.org/places/281201084,
pl-696289200,Assur Archive 38,archive-repository,pin,35.45731,43.25486,-720,2099,0,447.3,https://pleiades.stoa.org/places/696289200,
pl-739392374,Assur Archive 34,archive-repository,pin,35.45813,43.25617,-720,2099,0,447.3,https://pleiades.stoa.org/places/739392374,
pl-739392375,Assur Archive 35,archive-repository,pin,35.45813,43.25617,-720,2099,0,447.3,https://pleiades.stoa.org/places/739392375,
pl-716451807,Assur Archive 36,archive-repository,pin,35.45813,43.25617,-720,2099,0,447.3,https://pleiades.stoa.org/places/716451807,
pl-716451808,Assur Archive 37,archive-repository,pin,35.45813,43.25617,-720,2099,0,447.3,https://pleiades.stoa.org/places/716451808,
pl-386629672,Assur Archive 30,archive-repository,pin,35.45813,43.25617,-720,2099,0,447.3,https://pleiades.stoa.org/places/386629672,
pl-230588053,Assur Archive 25,archive-repository,pin,35.45908,43.25466,-720,2099,0,447.4,https://pleiades.stoa.org/places/230588053,
pl-741482501,Assur Archive 24,archive-repository,pin,35.45908,43.25466,-720,2099,0,447.4,https://pleiades.stoa.org/places/741482501,
pl-416772250,New Year's Festival House at Assur,temple-2,pin,35.46053,43.25345,-720,-540,0,447.6,https://pleiades.stoa.org/places/416772250,
pl-430344980,Kār-Tukultī-Ninurta,"settlement, archaeological-site",pin,35.49518,43.27415,-2000,2100,0,449.1,https://pleiades.stoa.org/places/430344980,
pl-473155335,Gird-I Matrab,tell,pin,35.93704,43.91685,-6200,2099,0,451.7,https://pleiades.stoa.org/places/473155335,
pl-485135320,Tell Baqrta,"tell, archaeological-site",pin,35.95177,43.91022,-720,-540,0,453.4,https://pleiades.stoa.org/places/485135320,
pl-946489831,Kawala Kandal,archaeological-site,pin,35.80790,43.65330,,,0,453.7,https://pleiades.stoa.org/places/946489831,
pl-903111,[Saveh],settlement,pin,34.99948,50.36115,-30,1599,0,455.7,https://pleiades.stoa.org/places/903111,
pl-779089937,Tall Ibrāhīm Bayis,findspot,pin,35.77417,43.55515,1700,2100,0,456.2,https://pleiades.stoa.org/places/779089937,
pl-292494806,Tall Ḥuwaysh,"findspot, archaeological-site",pin,35.59310,43.23040,1700,2100,0,460.0,https://pleiades.stoa.org/places/292494806,
pl-894005,Hazza,settlement,pin,36.09333,43.89734,300,640,0,467.4,https://pleiades.stoa.org/places/894005,
pl-872004919,Qal‘at ‘Awaynah,archaeological-site,pin,36.07540,43.71950,-1000,-1,0,474.6,https://pleiades.stoa.org/places/872004919,
pl-413309737,Negub tunnel,tunnel,pin,36.04460,43.47620,-1000,-540,0,484.7,https://pleiades.stoa.org/places/413309737,
pl-894157,Tell Unuq Jaddala,settlement,pin,35.74788,43.03370,-30,300,0,485.0,https://pleiades.stoa.org/places/894157,
pl-894162,Tulul Ahmad al-Hussein,settlement,pin,35.55177,42.78045,-30,300,0,485.8,https://pleiades.stoa.org/places/894162,
pl-296063581,Tepe Ghabristan,"settlement, cemetery, archaeological-site",pin,35.81641,49.94745,1700,2100,0,489.6,https://pleiades.stoa.org/places/296063581,
pl-173265552,Sagzabad Cluster,cultural-landscape,wash,35.81641,49.94985,,,0,489.7,https://pleiades.stoa.org/places/173265552,
pl-146880224,Tepe Sagzabad,"settlement, archaeological-site",pin,35.81643,49.95225,-10000,2099,0,489.9,https://pleiades.stoa.org/places/146880224,
pl-894151,Tell Sa'adiya Gharbi,settlement,pin,35.73288,42.93558,-30,300,0,490.0,https://pleiades.stoa.org/places/894151,
pl-894023,Khirbet Jaddala,settlement,pin,35.79599,43.01523,-30,300,0,490.2,https://pleiades.stoa.org/places/894023,
pl-169573132,Tepe Zagheh,"settlement, archaeological-site",pin,35.82336,49.97521,-6000,2099,0,491.9,https://pleiades.stoa.org/places/169573132,
pl-894004,Hatra,settlement,pin,35.58788,42.71834,-30,1799,0,492.8,https://pleiades.stoa.org/places/894004,
pl-894677,Untitled,bridge,pin,35.62371,42.73577,-30,300,0,494.4,https://pleiades.stoa.org/places/894677,
pl-891204335,Kalhu Archive 5,archive-repository,pin,36.09358,43.34625,-720,2099,0,496.3,https://pleiades.stoa.org/places/891204335,
pl-985331732,Kalhu Archive 3,archive-repository,pin,36.09455,43.34698,-720,2099,0,496.3,https://pleiades.stoa.org/places/985331732,
pl-985331733,Kalhu Archive 4,archive-repository,pin,36.09437,43.34751,-720,2099,0,496.3,https://pleiades.stoa.org/places/985331733,
pl-586635000,Fort Shalmaneser,"palace-complex, architecturalcomplex",pin,36.09408,43.34666,-1000,2099,0,496.3,https://pleiades.stoa.org/places/586635000,
pl-562815439,Kalhu Archive 2,archive-repository,pin,36.09445,43.34680,-720,2099,0,496.3,https://pleiades.stoa.org/places/562815439,
pl-348795683,Kalhu Archive 1,archive-repository,pin,36.09544,43.34758,-720,2099,0,496.4,https://pleiades.stoa.org/places/348795683,
pl-323955883,Kalhu Archive 16,archive-repository,pin,36.09674,43.33054,-720,2099,0,497.4,https://pleiades.stoa.org/places/323955883,
pl-889344378,Kalhu Archive 14,archive-repository,pin,36.09692,43.33067,-720,2099,0,497.4,https://pleiades.stoa.org/places/889344378,
pl-906423926,Shalmaneser Gate,city-gate,pin,36.09750,43.33071,-1000,2099,0,497.5,https://pleiades.stoa.org/places/906423926,
pl-889344377,Kalhu Archive 13,archive-repository,pin,36.09683,43.32979,-720,2099,0,497.5,https://pleiades.stoa.org/places/889344377,
pl-889344379,Kalhu Archive 15,archive-repository,pin,36.09728,43.33033,-720,2099,0,497.5,https://pleiades.stoa.org/places/889344379,
pl-242008148,Ezida (Kalhu),temple-2,pin,36.09707,43.33034,-1000,-540,0,497.5,https://pleiades.stoa.org/places/242008148,
pl-694530902,Burnt Palace at Kalhu,palace,pin,36.09689,43.32966,-1600,2099,0,497.5,https://pleiades.stoa.org/places/694530902,
pl-135157920,Kalhu Archive 12,archive-repository,pin,36.09808,43.33014,-720,2099,0,497.6,https://pleiades.stoa.org/places/135157920,
pl-586620869,Governor's Palace at Kalhu,palace,pin,36.09786,43.32984,-1000,2099,0,497.6,https://pleiades.stoa.org/places/586620869,
pl-480919150,Southwest Palace at Kalhu,palace,pin,36.09687,43.32762,-720,2099,0,497.6,https://pleiades.stoa.org/places/480919150,
pl-303354808,Upper Chambers at Kalhu,palace,pin,36.09808,43.32709,-1000,2099,0,497.7,https://pleiades.stoa.org/places/303354808,
pl-309437155,Palace of Adad-nārārī III,palace,pin,36.09793,43.32720,-1000,2099,0,497.7,https://pleiades.stoa.org/places/309437155,
pl-942018830,Central Building at Kalhu,"palace, temple-2",pin,36.09837,43.32865,-1000,2099,0,497.7,https://pleiades.stoa.org/places/942018830,
pl-228182518,Sebetti temple (Kalhu),"unlocated, temple-2",wash,36.09848,43.32877,-1000,-720,0,497.7,https://pleiades.stoa.org/places/228182518,
pl-480919151,Central Palace at Kalhu,palace,pin,36.09794,43.32831,-1000,2099,0,497.7,https://pleiades.stoa.org/places/480919151,
pl-563250510,Enlil temple (Kalhu),"unlocated, temple-2",wash,36.09848,43.32877,-1000,-720,0,497.7,https://pleiades.stoa.org/places/563250510,
pl-473423542,Adad-Šala temple (Kalhu),"unlocated, temple-2",wash,36.09848,43.32877,-1000,-720,0,497.7,https://pleiades.stoa.org/places/473423542,
pl-894019,Nimrud,"settlement, archaeological-site",pin,36.09998,43.33154,-5500,2100,0,497.7,https://pleiades.stoa.org/places/894019,
pl-116451894,Kalhu Archive 10,archive-repository,pin,36.09908,43.32686,-720,2099,0,497.8,https://pleiades.stoa.org/places/116451894,
pl-471167621,Kalhu Archive 8,archive-repository,pin,36.09914,43.32786,-720,2099,0,497.8,https://pleiades.stoa.org/places/471167621,
pl-406465130,Kalhu Archive 9,archive-repository,pin,36.09847,43.32730,-720,2099,0,497.8,https://pleiades.stoa.org/places/406465130,
pl-911483313,Ea-Damkina temple (Kalhu),"unlocated, temple-2",wash,36.09996,43.32907,-1000,-540,0,497.8,https://pleiades.stoa.org/places/911483313,
pl-439136375,Northwest Palace at Kalhu,"palace-complex, architecturalcomplex",pin,36.09907,43.32754,-1000,2099,0,497.8,https://pleiades.stoa.org/places/439136375,
pl-43471155,Sîn temple (Kalhu),"unlocated, temple-2",wash,36.09953,43.32795,-1000,-720,0,497.8,https://pleiades.stoa.org/places/43471155,
pl-849390847,Kalhu Archive 7,archive-repository,pin,36.10026,43.32797,-720,2099,0,497.9,https://pleiades.stoa.org/places/849390847,
pl-226915646,Kalhu Archive 11,archive-repository,pin,36.10055,43.32762,-720,2099,0,497.9,https://pleiades.stoa.org/places/226915646,
pl-897364594,Gula temple (Kalhu),"unlocated, temple-2",pin,36.10065,43.32854,-1000,-540,0,497.9,https://pleiades.stoa.org/places/897364594,
pl-344586145,Šarrat-niphi temple (Kalhu),temple-2,pin,36.10071,43.32824,-1000,-540,0,497.9,https://pleiades.stoa.org/places/344586145,
pl-846526213,Kidmuri temple (Kalhu),temple-2,pin,36.10032,43.32845,-1000,-540,0,497.9,https://pleiades.stoa.org/places/846526213,
pl-57783830,Kalhu Archive 17,archive-repository,pin,36.10086,43.32946,-720,2099,0,497.9,https://pleiades.stoa.org/places/57783830,
pl-156383767,Kalhu Archive 6,archive-repository,pin,36.10043,43.32696,-720,2099,0,498.0,https://pleiades.stoa.org/places/156383767,
pl-62810657,Kalhu ziggurat,"temple-2, ziggurat",pin,36.10102,43.32701,-1000,-540,0,498.0,https://pleiades.stoa.org/places/62810657,
pl-62810658,Ninurta temple (Kalhu),temple-2,pin,36.10059,43.32713,-1000,-540,0,498.0,https://pleiades.stoa.org/places/62810658,
pl-922632,Darreh Gap/Rhogonis? (river),river,wash,29.50000,50.50000,-330,640,0,501.1,https://pleiades.stoa.org/places/922632,
pl-924877,Heratemis?/Phratemis?/Phrystimus?,canal,wash,29.50000,50.50000,-330,2100,0,501.1,https://pleiades.stoa.org/places/924877,
pl-894024,Khirbet Qubr Ibn Naif,settlement,pin,35.87914,42.94605,-30,300,0,501.4,https://pleiades.stoa.org/places/894024,
pl-894120,Tell al-Khwain,settlement,pin,36.08704,43.19088,300,640,0,504.5,https://pleiades.stoa.org/places/894120,
pl-912881,Kharg,"settlement, archaeological-site",pin,29.24930,50.30900,-330,2100,0,507.3,https://pleiades.stoa.org/places/912881,
pl-912810,Arakia (island),island,pin,29.24298,50.31450,-3200,2100,0,508.2,https://pleiades.stoa.org/places/912810,
pl-495092556,Ozbaki,archaeological-site,pin,35.97990,50.58660,,,0,543.7,https://pleiades.stoa.org/places/495092556,
pl-111343632,Dur-Bel-Harran-belu-uṣur,"findspot, settlement, archaeological-site",pin,36.05361,42.38331,-1000,2100,0,551.5,https://pleiades.stoa.org/places/111343632,
